series_id,fence,n_outliers,share_outliers,max_sales,share_outliers_on_event_or_snap_days,share_days_event_or_snap
FOODS_3_449_CA_3,26.0,12,0.008836524300441826,42,0.5,0.38291605301914583
HOUSEHOLD_1_114_CA_3,34.0,4,0.0029455081001472753,38,0.75,0.38291605301914583
FOODS_3_784_CA_3,9.0,4,0.0029455081001472753,10,0.5,0.38291605301914583
HOUSEHOLD_2_270_CA_3,9.0,0,0.0,9,,0.38291605301914583
HOBBIES_1_377_CA_3,1.0,55,0.04050073637702504,3,0.41818181818181815,0.38291605301914583
HOUSEHOLD_2_228_CA_3,5.0,2,0.0014727540500736377,7,1.0,0.38291605301914583
FOODS_2_347_TX_2,15.0,1,0.0007363770250368188,19,0.0,0.38291605301914583
HOUSEHOLD_1_247_TX_2,14.0,0,0.0,13,,0.38291605301914583
FOODS_3_729_TX_2,9.0,7,0.005154639175257732,16,0.5714285714285714,0.38291605301914583
HOBBIES_1_034_TX_2,5.0,7,0.005154639175257732,9,0.14285714285714285,0.38291605301914583
FOODS_2_196_TX_2,5.0,3,0.0022091310751104565,12,0.3333333333333333,0.38291605301914583
HOUSEHOLD_2_315_TX_2,5.0,3,0.0022091310751104565,9,0.6666666666666666,0.38291605301914583
FOODS_2_056_WI_3,32.0,0,0.0,30,,0.38144329896907214
HOBBIES_1_312_WI_3,22.0,32,0.023564064801178203,64,0.625,0.38144329896907214
FOODS_3_128_WI_3,9.0,1,0.0007363770250368188,14,1.0,0.38144329896907214
HOBBIES_1_036_WI_3,9.0,0,0.0,8,,0.38144329896907214
FOODS_3_520_WI_3,5.0,5,0.003681885125184094,6,0.8,0.38144329896907214
HOUSEHOLD_1_464_WI_3,1.0,68,0.050073637702503684,4,0.38235294117647056,0.38144329896907214
