series_id,tier,cat_id,store_id,mean,median,std,cv,min,max,zero_pct,adi,cv2,sb_class,trend_pct_of_mean_per_year,trend_p_value,dow_peak_day,dow_peak_index,dow_trough_index,n_price_changes,price_cv,price_min,price_max,n_outliers_tukey3,rolling28_mean_range_ratio,d7_acf_lag7,d7_pacf_lag7,d7_pacf_lag14,d7_pacf_lag21,d7_pacf_lag28,corr_roll28_mean_std,seasonal_strength_Fs,acf_lag7,adf_p_level,kpss_p_level,level_conclusion
FOODS_3_449_CA_3,high,FOODS,CA_3,8.30117820324006,8.0,5.546468673791916,0.6681543918220014,0.0,42.0,8.173784977908689,1.0890136327185245,0.3279003190174003,smooth,-15.927878108200009,1.7690354695894862e-09,Sun,1.1767054022886543,0.8786480972234542,0,0.0,1.9800000190734863,1.9800000190734863,12,5.448717948717949,-0.5008822983097022,-0.49214804449078314,-0.3142027210598535,-0.24364040871906073,-0.14116163922120314,0.5885395890347741,0.16135946418334035,0.22364817625068664,0.0014310697995615607,0.01,conflict: ADF stationary / KPSS non-stationary
HOUSEHOLD_1_114_CA_3,high,HOUSEHOLD,CA_3,8.996318114874816,9.0,5.621897758515618,0.6249109565412302,0.0,38.0,8.24742268041237,1.0898876404494382,0.2755683124479595,smooth,-12.735248594990502,7.753762636868889e-09,Sun,1.1694360317590242,0.8789391831055088,0,0.0,0.9700000286102295,0.9700000286102295,4,4.802197802197802,-0.520209125992255,-0.5230732362695342,-0.2868432783706007,-0.22972753642945642,-0.16768533898742477,0.27667643692923305,0.16785433476596434,0.18284330369780136,0.00557900856843601,0.01,conflict: ADF stationary / KPSS non-stationary
FOODS_3_784_CA_3,medium,FOODS,CA_3,1.3453608247422681,0.0,1.8734907014441904,1.392556306820586,0.0,10.0,50.220913107511045,2.0088757396449703,0.4624025855552949,intermittent,5.7595669419055,0.3114831704126629,Sat,1.4252873563218391,0.739463601532567,14,0.13308711269339552,1.0,1.5199999809265137,4,3750000000.0,-0.46526441550070696,-0.47470532780933905,-0.3037895824100674,-0.20112535664791326,-0.14352044847065346,0.8946147935649834,0.1282409487850532,0.2613094917932007,0.0016620618108486465,0.021748708522848634,conflict: ADF stationary / KPSS non-stationary
HOUSEHOLD_2_270_CA_3,medium,HOUSEHOLD,CA_3,0.8689248895434463,0.0,1.258330715819532,1.4481467051550208,0.0,9.0,55.22827687776142,2.233552631578948,0.3859465670784257,intermittent,2.1896185103431556,0.7324362278536751,Sun,1.4296610169491526,0.7533898305084745,5,0.06678003793758468,3.700000047683716,6.480000019073486,0,2392857142.8571424,-0.4237783928177655,-0.43954300052690687,-0.24845746150760906,-0.29217315275829026,-0.15412364741668205,0.8953868686541111,0.12420498934020263,0.34625636603834936,2.7087977862551397e-07,0.1,stationary (both tests agree)
HOBBIES_1_377_CA_3,low,HOBBIES,CA_3,0.30338733431516934,0.0,0.5569977014291085,1.8359293168464308,0.0,3.0,74.15316642120766,3.868945868945869,0.1290295975115468,intermittent,-7.662181167132052,0.07394249000894126,Sat,1.2063106796116505,0.7135922330097089,4,0.042621410688037216,8.779999732971191,9.979999542236328,55,9.500000000000002,-0.48029170835769175,-0.48004393329831996,-0.3333259042810226,-0.22648853061075322,-0.2236940573174464,0.8032250547101535,0.0,0.02324728527722301,0.0,0.01,conflict: ADF stationary / KPSS non-stationary
HOUSEHOLD_2_228_CA_3,low,HOUSEHOLD,CA_3,0.5132547864506627,0.0,0.8442712641447014,1.6449359780609822,0.0,7.0,64.58026509572902,2.823284823284823,0.3118838885240906,intermittent,-6.284581723058849,0.18801765474633442,Sun,1.3055954088952655,0.823529411764706,1,0.037995543710417135,4.96999979019165,5.46999979019165,2,1142857142.8571427,-0.4780305015761314,-0.4787920880965738,-0.36832325697312773,-0.2363657373849303,-0.18481884474927412,0.7936222169397281,0.018378120724045988,0.02163908846157616,0.0,0.1,stationary (both tests agree)
FOODS_2_347_TX_2,high,FOODS,TX_2,3.9985272459499264,4.0,2.8892600984254857,0.7225810706559502,0.0,19.0,12.002945508100147,1.1364016736401674,0.3390854301693408,smooth,-5.020311219549619,0.03794857594634133,Sat,1.2594843462246776,0.8057090239410681,3,0.06942310370786439,1.5700000524520874,2.0,1,5.631578947368421,-0.5080435197940504,-0.5070966093381528,-0.34182572143285495,-0.2581390624718031,-0.1881642253153911,0.38820799202730005,0.20129711139805806,0.1058449928157356,0.0006001223064741612,0.01,conflict: ADF stationary / KPSS non-stationary
HOUSEHOLD_1_247_TX_2,high,HOUSEHOLD,TX_2,3.452135493372607,3.0,2.446236760150735,0.7086155120061216,0.0,13.0,10.309278350515463,1.1149425287356325,0.3469449265570943,smooth,-5.153819861571174,0.01547923809862361,Sat,1.2617320819112627,0.7794368600682594,0,0.0,0.9700000286102295,0.9700000286102295,0,2.9574468085106385,-0.47477319717413713,-0.4682920257206578,-0.3262167466412495,-0.2532748635947236,-0.200908638637979,0.42464647692304786,0.2419530925775022,0.14909022994624746,2.7309033433546694e-07,0.01,conflict: ADF stationary / KPSS non-stationary
FOODS_3_729_TX_2,medium,FOODS,TX_2,1.3799705449189985,1.0,1.9907551991515688,1.4426070226509233,0.0,16.0,47.56995581737849,1.9073033707865168,0.6146264845341921,lumpy,-20.128304294024495,0.0003478030065269896,Wed,1.344717182497332,0.8665955176093917,1,0.04858428038998869,3.4700000286102295,3.9800000190734863,7,5535714285.714285,-0.4521194633032332,-0.44952127157402993,-0.3028981676078563,-0.23392757716268553,-0.1764619226284185,0.9111007398844353,0.05878457460870734,0.29991137440878984,0.0017506942274792996,0.01,conflict: ADF stationary / KPSS non-stationary
HOBBIES_1_034_TX_2,medium,HOBBIES,TX_2,0.8748159057437408,1.0,1.1345445698473495,1.2968952237817346,0.0,9.0,48.89543446244477,1.956772334293948,0.3699594145722091,intermittent,-23.685191383644998,9.038308103938968e-09,Sat,1.4141414141414141,0.76010101010101,0,0.0,4.659999847412109,4.659999847412109,7,19.25,-0.45431549293017043,-0.455019764895811,-0.35376303484866084,-0.21249198226456412,-0.19184676908491974,0.8855146736732228,0.17437976150334722,0.2050902221576982,0.0044552914650168906,0.01,conflict: ADF stationary / KPSS non-stationary
FOODS_2_196_TX_2,low,FOODS,TX_2,0.5316642120765832,0.0,0.8721256352811767,1.640369269683986,0.0,12.0,62.22385861561119,2.6471734892787526,0.3934975944015161,intermittent,-9.77557897534317,0.0576302770760352,Sun,1.4349030470914126,0.6689750692520776,12,0.0754927337741755,1.0,3.869999885559082,3,1357142857.142857,-0.48542274997337737,-0.48594143167424736,-0.32380149866171354,-0.19985974421052807,-0.22873741403852058,0.7172599676485204,0.05505557588860033,0.09916281814224219,4.223674734555359e-16,0.04923367691339812,conflict: ADF stationary / KPSS non-stationary
HOUSEHOLD_2_315_TX_2,low,HOUSEHOLD,TX_2,0.4366715758468336,0.0,0.7896034822564247,1.8082319205804802,0.0,9.0,67.96759941089839,3.12183908045977,0.3669170109967609,intermittent,-0.583165899659007,0.8945256727369095,Sun,1.3220910623946036,0.6492411467116357,15,0.10151035209721014,1.8799999952316284,7.670000076293945,3,857142857.1428571,-0.48115594756260277,-0.4768208081292921,-0.3516236998161229,-0.29950497942203097,-0.1722156153190347,0.6605684296742892,0.0051824325453389,-0.006840754844104446,0.0,0.1,stationary (both tests agree)
FOODS_2_056_WI_3,high,FOODS,WI_3,4.138438880706922,2.0,5.315400345508697,1.2843974500357311,0.0,30.0,45.72901325478645,1.842605156037992,0.4373464748420106,intermittent,-21.613439648156294,0.0019647429059353426,Sat,1.244306049822064,0.8519572953736654,3,0.032037116333981305,6.980000019073486,7.46999979019165,0,11785714285.714285,-0.41319037728057323,-0.47902659023484845,-0.3475758355795678,-0.3379181554157893,-0.13575557804193336,0.8885198925624813,0.0660947359363695,0.49371631830349133,0.07660979361209862,0.01,unit root (both tests agree)
HOBBIES_1_312_WI_3,high,HOBBIES,WI_3,3.7069219440353463,2.0,6.154684691395508,1.6603221714173817,0.0,64.0,35.640648011782034,1.5537757437070938,1.4164618220257983,lumpy,-33.08317624876277,1.6214548259128415e-11,Fri,1.1444179578863727,0.9052443384982122,2,0.04954029390197058,0.4699999988079071,0.5799999833106995,32,8785714285.714287,-0.4545249317849266,-0.4513699606827926,-0.3905454212640311,-0.20863731163444024,-0.1641973429107608,0.7731495579627746,0.0709843844635829,0.1291555596724156,0.001561440195356832,0.01,conflict: ADF stationary / KPSS non-stationary
FOODS_3_128_WI_3,medium,FOODS,WI_3,1.3814432989690721,1.0,1.5390788551208299,1.1141093204979142,0.0,14.0,37.187039764359355,1.5920281359906214,0.4072148017148495,intermittent,-26.525305978896956,7.256461740845476e-15,Sat,1.2425373134328357,0.8470149253731344,2,0.028345190828336066,2.9200000762939453,3.2799999713897705,1,2821428571.428571,-0.46680270345868896,-0.4583775387359262,-0.3311298463525301,-0.2368023078341226,-0.18350991079963494,0.8760886671509687,0.15664208826467874,0.1806945720805362,8.489783309594873e-11,0.01,conflict: ADF stationary / KPSS non-stationary
HOBBIES_1_036_WI_3,medium,HOBBIES,WI_3,0.8851251840942562,0.0,1.3799489296453713,1.5590437990502615,0.0,8.0,56.480117820324004,2.297800338409476,0.4922217823317212,lumpy,-21.27348171029909,1.040851399904603e-06,Sat,1.7179700499168054,0.6697171381031615,2,0.07186815963985933,0.9599999785423279,1.1200000047683716,0,1714285714.2857141,-0.47943483152353283,-0.4806665679090635,-0.3595220686891285,-0.2429791036517791,-0.2097662552977591,0.852280583998921,0.11711772769567363,0.060796128070099244,8.29857582021958e-07,0.01,conflict: ADF stationary / KPSS non-stationary
FOODS_3_520_WI_3,low,FOODS,WI_3,0.5787923416789397,0.0,0.9233997368509873,1.5953903850427997,0.0,6.0,61.63475699558174,2.6065259117082533,0.3594325634999256,intermittent,-28.05759319545872,5.569898817279182e-09,Fri,1.1577608142493636,0.8282442748091603,1,0.018990398686973695,3.819999933242798,3.9800000190734863,5,1607142857.142857,-0.4995336166830659,-0.5019232596106072,-0.30864663117587726,-0.22993805060199396,-0.21342499103864268,0.8063158053816025,0.032824973067135166,0.061668353933737985,2.318755109741145e-11,0.01,conflict: ADF stationary / KPSS non-stationary
HOUSEHOLD_1_464_WI_3,low,HOUSEHOLD,WI_3,0.28865979381443296,0.0,0.5989707216901022,2.075005714426426,0.0,4.0,77.39322533136966,4.423452768729642,0.1987192836318201,intermittent,-44.29419872304066,9.169397300082135e-14,Sat,1.4107142857142858,0.7142857142857143,1,0.028362690606389088,8.869999885559082,9.470000267028809,68,857142857.1428571,-0.479641731438398,-0.47619256080204647,-0.356176122323414,-0.2472637252479897,-0.19492337026290646,0.8761589809163534,0.0,0.08625746824522217,9.461821393497669e-05,0.01,conflict: ADF stationary / KPSS non-stationary
