series_id,tier,train_mean_per_day,last_train_price,eoq_units,eoq_cycle_days,critical_ratio_LOW,critical_ratio_MEDIUM,critical_ratio_HIGH
FOODS_3_449_CA_3,high,8.30117820324006,1.9800000190734863,132.24512669783016,15.930886370589315,0.907571730765407,0.9751718129214225,0.9915846456456459
HOUSEHOLD_1_114_CA_3,high,8.996318114874816,0.9700000286102295,196.69301350590374,21.863723691660578,0.8773714608535567,0.966237698973569,0.988486757280192
FOODS_3_784_CA_3,medium,1.3453608247422681,1.4800000190734863,61.57875923105161,45.77118502231422,0.7736338271335552,0.9318359264391758,0.9761969677174043
HOUSEHOLD_2_270_CA_3,medium,0.8689248895434463,6.480000019073486,23.6508100897395,27.21847466259851,0.8517892052067848,0.958313510495495,0.9857072950348169
HOBBIES_1_377_CA_3,low,0.30338733431516934,9.979999542236328,11.260971726743811,37.11747476921868,0.8082240608971816,0.944001665306226,0.9806100172738034
HOUSEHOLD_2_228_CA_3,low,0.5132547864506627,5.46999979019165,19.784052460580348,38.54626003080074,0.802301354783667,0.9419711733931687,0.9798786453995882
FOODS_2_347_TX_2,high,3.9985272459499264,1.7799999713897705,96.80157820204724,24.209308139664852,0.8659787847514024,0.962750531956984,0.9872673202883131
HOUSEHOLD_1_247_TX_2,high,3.452135493372607,0.9700000286102295,121.84296215861478,35.29495362871136,0.8159070274857193,0.94660444736931,0.9815445221643722
FOODS_3_729_TX_2,medium,1.3799705449189985,3.9800000190734863,38.03082765421837,27.559158993825264,0.8502119737519709,0.95781374672877,0.9855309866003482
HOBBIES_1_034_TX_2,medium,0.8748159057437408,4.659999847412109,27.983870980892974,31.988296963007286,0.83022593870668,0.9513635831673439,0.9832445786167117
FOODS_2_196_TX_2,low,0.5316642120765832,3.869999885559082,23.93898008490133,45.02650270816621,0.7764935785255801,0.9328704866539185,0.9765751636413267
HOUSEHOLD_2_315_TX_2,low,0.4366715758468336,7.670000076293945,15.410693512527427,35.29126777405101,0.8159227134717508,0.9466097257612924,0.9815464139055852
FOODS_2_056_WI_3,high,4.138438880706922,6.980000019073486,49.731661233779555,12.017009956489792,0.9286593933917489,0.9811566249954063,0.9936389661003433
HOBBIES_1_312_WI_3,high,3.7069219440353463,0.5799999833106995,163.2808061146012,44.047543643946845,0.7802853291125802,0.9342340191495336,0.9770727859009145
FOODS_3_128_WI_3,medium,1.3814432989690721,2.9800000190734863,43.97448928794733,31.832279559185753,0.8309139717993954,0.9515893151294208,0.9833249375818591
HOBBIES_1_036_WI_3,medium,0.8851251840942562,1.1200000047683716,57.41637137815367,64.86808014270606,0.7068727444264439,0.9060675694169996,0.9665974692020143
FOODS_3_520_WI_3,low,0.5787923416789397,3.9800000190734863,24.62987777587468,42.55391096646032,0.7861424259348629,0.936322106636492,0.9778330037986306
HOUSEHOLD_1_464_WI_3,low,0.28865979381443296,9.470000267028809,11.276142580135835,39.063779652613434,0.8001774522810313,0.9412378631490291,0.9796140046159422
