month,bias,MAE,mean_actual
2015-08,4.61268685166798,11.091352230026608,41.20436507936508
2015-09,0.09571017865781431,11.642025590825964,43.90925925925926
2015-10,-2.731604996547904,11.334227343186683,46.59318996415771
2015-11,-13.650751974847582,24.55727614208504,58.492592592592594
2015-12,1.700431209311263,12.186916844391908,46.59139784946237
2016-01,4.60835726115866,14.686940253849098,47.17562724014337
2016-02,3.6753634493012997,13.157620148640483,48.08429118773947
2016-03,-7.922344524800564,20.24255683259725,58.86021505376344
2016-04,-5.9962330217714666,15.4292162877542,61.37268518518518
