series_id,tier,model,converged,n,mean,std,skew,excess_kurtosis,jarque_bera_p,ljung_box_p_lag7,ljung_box_p_lag14,acf_lag1,acf_lag7,share_acf_lags1_14_outside_95band
FOODS_3_449_CA_3,high,"SARIMA S3:(1,0,1)(0,1,1)7",True,1330,-0.14326515777616636,5.002003294374017,1.1110795423613922,4.208481011004618,2.804657755127468e-273,0.006594087961941672,0.12091098493238024,0.06196190822727385,-0.038032009227746875,0.14285714285714285
FOODS_3_449_CA_3,high,HoltWinters HW_N,True,1330,0.0006983507585731697,4.968745200320181,1.003176353876162,4.172342427438009,1.1847306221380945e-258,0.0009723740323132448,0.0021186222748187608,0.11281398688871291,-0.03728594044467331,0.14285714285714285
HOUSEHOLD_1_114_CA_3,high,"SARIMA S4:(0,1,1)(0,1,1)7",True,1330,0.09449587884370313,5.138150816232771,0.4886403328979657,1.6366849928539562,1.871573351425989e-44,0.2893064328057795,0.49086221710534017,0.01286972317917022,-0.010094881388357492,0.0
HOUSEHOLD_1_114_CA_3,high,HoltWinters HW_N,True,1330,-0.05971601671504672,5.047816738631334,0.46457045960290244,1.5298370103134866,2.805317731594339e-39,0.39142463969359415,0.6579960467393349,0.014901655244680827,-0.017593429797731236,0.0
FOODS_3_784_CA_3,medium,"SARIMA S4:(0,1,1)(0,1,1)7",True,1330,0.08526696229867231,1.6720881398361997,0.9767204619007503,1.562630194458083,4.9768376473957753e-76,0.027615055614019175,0.0026257284370866983,0.04801564021871142,0.03692274223197345,0.21428571428571427
FOODS_3_784_CA_3,medium,HoltWinters HW_D,True,1330,0.01762182339243655,1.6423427323583855,1.1411098782082414,1.9453912605276225,6.041656662991621e-109,0.03537845173116322,0.0035208969558529514,0.06656265181338457,0.040376417703010606,0.21428571428571427
HOUSEHOLD_2_270_CA_3,medium,"SARIMA S4:(0,1,1)(0,1,1)7",True,1330,-0.015344410786529965,1.0894370163770997,1.251188673310027,3.8536929524453116,8.649847645765966e-255,0.00013168113675672872,0.000791597768762831,0.0532992913331565,0.05392079689362985,0.21428571428571427
HOUSEHOLD_2_270_CA_3,medium,HoltWinters HW_N,True,1330,-0.005810004515303707,1.0733240412856293,1.3207852538673983,4.116078765640465,1.4350460475279275e-288,0.0012876243280133175,0.0042807119247978065,0.05461859931892476,0.04314481649154501,0.21428571428571427
HOBBIES_1_377_CA_3,low,"SARIMA S1:(1,0,1)(1,0,1)7+c",True,1330,-0.008393341044998526,0.5458697098185574,1.778848982483061,2.82603008111875,3.827656272783509e-249,0.17190355410463062,0.46416440701796047,-0.022129429323610606,-0.01628209386798918,0.0
HOBBIES_1_377_CA_3,low,HoltWinters HW_D,True,1330,-0.00020761256703277366,0.5435032612679344,1.7249149796661334,2.6212649466939837,1.263031745128457e-226,0.598803940470966,0.8523553816210452,-0.01418087793336177,0.003536149721484664,0.0
HOUSEHOLD_2_228_CA_3,low,"SARIMA S5:(1,1,1)(0,1,1)7",True,1330,-0.030248690505702485,0.8510913804680481,2.1021700511763712,6.673608865909117,0.0,0.16746288697451786,0.060446133405765386,-0.0007238924288391519,-0.007600615629273841,0.07142857142857142
HOUSEHOLD_2_228_CA_3,low,HoltWinters HW_N,True,1330,0.0021393761447893586,0.8424654087645531,2.149356906348008,6.8119037605179145,0.0,0.12212924540117069,0.042309113351170546,0.05679932366704921,-0.006149772882781494,0.14285714285714285
FOODS_2_347_TX_2,high,"SARIMA S1:(1,0,1)(1,0,1)7+c",True,1330,0.009091078642462733,2.806438621687932,0.6650322665976488,0.5385057150132915,1.667798710300386e-25,2.221842307920437e-16,1.6145873634044005e-18,0.18333775675987057,-0.012938948246381574,0.5
FOODS_2_347_TX_2,high,HoltWinters HW_N,True,1330,-0.017794523864530586,2.709111005559666,0.6357859221059555,0.6459401942106817,3.3273394208150127e-25,0.0005694069204740141,0.006355196583185052,0.10302078831610653,-0.0633539904223035,0.14285714285714285
HOUSEHOLD_1_247_TX_2,high,"SARIMA S2:(1,0,0)(1,0,0)7+c",True,1330,-0.014215945078623312,2.4075652006033494,0.7560294094283494,0.6281042541683566,5.4947203103801696e-33,1.6005206664686337e-05,2.0201531841609886e-09,-0.0001557455215412935,-0.013343663117841182,0.42857142857142855
HOUSEHOLD_1_247_TX_2,high,HoltWinters HW_N,True,1330,-0.03102354270517644,2.3089891023701363,0.723257716695586,0.7383988040644822,1.818702167952779e-32,0.16209563896845613,0.33892647199383835,0.011573530729403935,0.019834257155002203,0.07142857142857142
FOODS_3_729_TX_2,medium,"SARIMA S2:(1,0,0)(1,0,0)7+c",True,1330,-0.04345726667844862,1.7650102572157764,2.0767233083538748,6.883803927702827,0.0,4.1025135502518326e-20,9.836676416101101e-38,-0.005958871976106745,-0.04197844882751193,0.7857142857142857
FOODS_3_729_TX_2,medium,HoltWinters HW_N,True,1330,-0.03172339351564299,1.6509452240488023,1.832430212717686,7.622224621227096,0.0,0.3341732829931915,0.3456548530339293,0.020942865440836005,0.0555887717524249,0.07142857142857142
HOBBIES_1_034_TX_2,medium,"SARIMA S3:(1,0,1)(0,1,1)7",True,1330,-0.019848691911805612,1.0782421634912274,1.361480780476427,3.2502158714860476,4.5214438920435075e-217,0.00137994219047391,0.014019863575638199,0.018413893704181623,0.04601492125890158,0.07142857142857142
HOBBIES_1_034_TX_2,medium,HoltWinters HW_N,True,1330,-0.0006961048318010056,1.0641638223594114,1.373710231738235,3.3160777158951307,6.935072728365619e-224,0.028988059301480438,0.062038949276459227,0.02042124340098663,0.03905281973938535,0.07142857142857142
FOODS_2_196_TX_2,low,"SARIMA S1:(1,0,1)(1,0,1)7+c",True,1330,0.001184639629776233,0.8520982531004339,3.670950830420973,31.965815476044284,0.0,0.3163722528836309,0.5812292743687929,0.001450433574483782,-0.02071066932194904,0.0
FOODS_2_196_TX_2,low,HoltWinters HW_N,True,1330,-0.0007393370041390468,0.8504873959517758,3.6407690309166143,32.67840777781229,0.0,0.3488972987423773,0.4035969818368557,0.029479053370844617,-0.0018469804840189606,0.14285714285714285
HOUSEHOLD_2_315_TX_2,low,"SARIMA S4:(0,1,1)(0,1,1)7",True,1330,-0.00667337017160682,0.7980042491458378,3.262113205583775,22.206417921999435,0.0,0.18664318896446458,0.13994020188210327,-0.032346314024531676,-0.014385212026546693,0.0
HOUSEHOLD_2_315_TX_2,low,HoltWinters HW_N,True,1330,-0.005092790253724153,0.7845227264688078,3.461547140094482,24.51336469272216,0.0,0.2627992323074013,0.18604530298124727,-0.03448305740976038,-0.023158135596023994,0.0
FOODS_2_056_WI_3,high,"SARIMA S2:(1,0,0)(1,0,0)7+c",True,1330,-0.0013013945907968027,3.8883148458018644,1.5230508764186983,5.38227644265463,0.0,6.629946798754209e-39,7.931400361263565e-52,-0.1761667043591949,-0.015583031381177418,0.7142857142857143
FOODS_2_056_WI_3,high,HoltWinters HW_N,True,1330,0.0006105418333496945,3.6157732968597163,1.1077086673794463,5.870551448091877,0.0,2.3497157435393624e-06,4.1389694619232704e-08,0.03863398944036657,-0.06645400924587101,0.35714285714285715
HOBBIES_1_312_WI_3,high,"SARIMA S4:(0,1,1)(0,1,1)7",True,1330,-0.05246600975980413,6.065773891927401,3.810111405791967,23.85270124332648,0.0,0.22722297253565632,0.6493041488758886,0.011522810023186959,0.04292987787015835,0.0
HOBBIES_1_312_WI_3,high,HoltWinters HW_N,True,1330,-0.13107788642946888,5.97571118997531,4.035210636758084,25.61730236915009,0.0,0.41219221510304316,0.8085340064208587,0.010437370173937591,0.04733905489125953,0.0
FOODS_3_128_WI_3,medium,"SARIMA S5:(1,1,1)(0,1,1)7",True,1330,0.007552390384347382,1.4657552824426499,1.2548529865262223,3.3082313742704166,3.1975473889373293e-208,0.05865838594341507,0.18666719567933518,-0.0037703447713865463,0.04210071702575837,0.0
FOODS_3_128_WI_3,medium,HoltWinters HW_N,True,1330,-0.023712593128852235,1.4434329937118189,1.385257413942469,3.993086502462935,5.76773445488451e-285,0.03775712989617881,0.14266087629790317,-0.062045298856200484,0.04363922290736105,0.07142857142857142
HOBBIES_1_036_WI_3,medium,"SARIMA S1:(1,0,1)(1,0,1)7+c",True,1330,-0.05316491160272931,1.336869652225671,2.023766560300708,4.898255161283617,0.0,0.1451852404856237,0.004122657330322623,0.034158489143007086,-0.01220459017258778,0.21428571428571427
HOBBIES_1_036_WI_3,medium,HoltWinters HW_N,True,1330,-0.05334191429750143,1.3247584575045122,1.9067924991447678,4.69949127221263,0.0,0.6066332790807436,0.03576077373239743,0.03717116283634222,-0.011752415771711626,0.14285714285714285
FOODS_3_520_WI_3,low,"SARIMA S3:(1,0,1)(0,1,1)7",True,1330,-0.07756185881589701,0.9164056378325981,2.069855712767536,6.361828062014405,0.0,0.01543188360607362,0.010127846831583173,0.015051496219017737,0.006072083225738628,0.14285714285714285
FOODS_3_520_WI_3,low,HoltWinters HW_N,True,1330,-0.02407995415006053,0.8971808604670429,2.1037364049727847,6.493138102530816,0.0,0.5297380833185779,0.3621837934311286,0.007110007301659877,0.000556996970519922,0.07142857142857142
HOUSEHOLD_1_464_WI_3,low,"SARIMA S3:(1,0,1)(0,1,1)7",True,1330,-0.05213767827582191,0.5781415499475834,2.144453982091597,6.7444186809723075,0.0,0.32612282679862387,0.6181771284190033,0.002770132869332508,-0.002398354316316226,0.0
HOUSEHOLD_1_464_WI_3,low,HoltWinters HW_D,True,1330,-0.010996779935068753,0.5654690680760066,2.252750806553174,6.758639362398,0.0,0.7540763084003244,0.8324844836477852,-0.04152090707531296,-0.0008570762507316176,0.0
