series_id,tier,sb_class,train_days,zero_days,zero_share,zero_on_closure_days,zero_listed_store_open,zero_share_listed_open,longest_zero_run_open_days,poisson_lambda_open_days,suspicious_zero_runs,suspicious_zero_days,run_test_informative(lambda>=0.5)
FOODS_3_449_CA_3,high,smooth,1358,111,0.0817378497790869,3,108,0.07970479704797048,7,8.319557195571956,21.0,63.0,True
HOUSEHOLD_1_114_CA_3,high,smooth,1358,112,0.08247422680412371,3,109,0.08044280442804429,9,9.016236162361624,24.0,69.0,True
FOODS_3_784_CA_3,medium,intermittent,1358,682,0.5022091310751104,3,679,0.5011070110701107,241,1.348339483394834,8.0,333.0,True
HOUSEHOLD_2_270_CA_3,medium,intermittent,1358,750,0.5522827687776142,3,747,0.5512915129151291,162,0.8708487084870848,8.0,465.0,True
HOBBIES_1_377_CA_3,low,intermittent,1358,1007,0.7415316642120766,3,1004,0.7409594095940959,20,0.3040590405904059,,,False
HOUSEHOLD_2_228_CA_3,low,intermittent,1358,877,0.6458026509572902,3,874,0.6450184501845019,28,0.5143911439114391,2.0,53.0,True
FOODS_2_347_TX_2,high,smooth,1358,163,0.12002945508100148,3,160,0.11808118081180811,12,4.007380073800738,16.0,80.0,True
HOUSEHOLD_1_247_TX_2,high,smooth,1358,140,0.10309278350515463,3,137,0.1011070110701107,4,3.459778597785978,3.0,12.0,True
FOODS_3_729_TX_2,medium,lumpy,1358,646,0.47569955817378495,3,643,0.4745387453874539,358,1.3830258302583025,1.0,358.0,True
HOBBIES_1_034_TX_2,medium,intermittent,1358,664,0.4889543446244477,3,661,0.4878228782287823,11,0.8767527675276753,0.0,0.0,True
FOODS_2_196_TX_2,low,intermittent,1358,845,0.6222385861561119,3,842,0.6214022140221402,48,0.5328413284132841,4.0,145.0,True
HOUSEHOLD_2_315_TX_2,low,intermittent,1358,923,0.6796759941089838,3,920,0.6789667896678967,48,0.43763837638376385,,,False
FOODS_2_056_WI_3,high,intermittent,1358,621,0.4572901325478645,3,618,0.45608856088560884,349,4.14760147601476,19.0,591.0,True
HOBBIES_1_312_WI_3,high,lumpy,1358,484,0.35640648011782033,3,481,0.3549815498154982,93,3.7151291512915128,17.0,219.0,True
FOODS_3_128_WI_3,medium,intermittent,1358,505,0.37187039764359353,3,502,0.37047970479704795,100,1.38450184501845,4.0,130.0,True
HOBBIES_1_036_WI_3,medium,lumpy,1358,767,0.56480117820324,3,764,0.5638376383763838,41,0.8870848708487085,2.0,54.0,True
FOODS_3_520_WI_3,low,intermittent,1358,837,0.6163475699558174,3,834,0.6154981549815498,48,0.5800738007380074,2.0,67.0,True
HOUSEHOLD_1_464_WI_3,low,intermittent,1358,1051,0.7739322533136966,3,1048,0.7734317343173431,107,0.2892988929889299,,,False
