el_rank,firm_id,pd,score,grade,lgd,ead,expected_loss,flagged,pd_rank,realized_default,el_share,cum_el_share
1,5650,0.8823537297288515,428.9848451062744,F,0.8146002317497103,33.82042977075154,24.308959897481436,True,9,1,0.0893194568057534,0.0893194568057534
2,5662,0.7654327454803282,452.9973963352486,F,0.7303128371089536,18.051284087593352,10.090764559266757,True,23,1,0.03707693019320975,0.12639638699896316
3,5729,0.765432824120194,452.99738369740646,F,0.8560633321338611,15.222978926651342,9.97499355180249,True,14,1,0.03665154780152483,0.163047934800488
4,5585,1.0,88.49153367276693,F,0.8307308196860057,10.411273645368546,8.64896588939232,True,4,1,0.03177926733311407,0.19482720213360205
5,5457,0.7654326848463123,452.99740607945347,F,0.8666666666666667,12.445102794313893,8.255769985701358,True,39,1,0.030334530714022333,0.2251617328476244
6,5486,0.7654327750011464,452.9973915910974,F,0.5807567340949585,13.027051965668909,5.79091851827862,True,20,1,0.0212778209615054,0.2464395538091298
7,5605,0.8823537433542483,428.9848413189472,F,0.6922840218478344,7.765588522621835,4.743527419374965,True,8,1,0.01742934680169784,0.26386890061082763
8,3156,0.14598559862493338,538.0915630674705,E,0.6865449416189954,44.523781349084274,4.462426007437402,True,174,0,0.0163964837944988,0.28026538440532645
9,5604,0.597561460689049,475.7165035077547,F,0.851339800052031,8.170387111483041,4.156503505347231,True,58,1,0.015272419588272433,0.29553780399359886
10,5765,0.7654328056328924,452.9973866684138,F,0.617737003058104,8.433152032626536,3.9874992861582137,True,18,1,0.014651440117348733,0.3101892441109476
11,5788,0.7654327003646384,452.9974035855771,F,0.8666666666666667,5.755910245371105,3.818326999214774,True,32,1,0.014029843107846874,0.3242190872187945
12,5686,0.7654326742574235,452.99740778114335,F,0.5857755317606611,8.501744973336722,3.811942116932994,True,41,1,0.014006382860284562,0.33822547007907905
13,327,0.5975613854811846,475.7165125314752,F,0.5207686870260102,11.94838431149876,3.7182327465695826,True,79,0,0.013662062490603246,0.3518875325696823
14,5516,0.5975613738824112,475.7165139231393,F,0.5833767315904592,10.043212906989263,3.5010981785553246,True,83,1,0.012864235609051032,0.36475176817873334
15,5844,0.8823537230185341,428.98484697147995,F,0.5909769515512199,6.375789627321947,3.3246600497788017,True,11,1,0.012215941404420115,0.37696770958315345
16,5846,1.0,88.49153367276693,F,0.5863580898016587,5.618579117019123,3.294499318454823,True,1,1,0.012105120532195089,0.38907283011534854
17,623,0.24000023343665222,520.3821395315649,E,0.4884321725006714,27.682467551744917,3.2450450202535346,True,145,0,0.01192340847743513,0.40099623859278366
18,1214,0.597561372062137,475.7165141415426,F,0.6348699224098584,8.495408041091014,3.2229347376538207,True,84,0,0.011842167715182986,0.41283840630796664
19,5623,0.7654328208743065,452.99738421903777,F,0.5501119096624714,7.256376433655758,3.055469351950015,True,16,1,0.011226842446314545,0.4240652487542812
20,2756,0.765432668429357,452.9974087177441,F,0.8666666666666667,4.5119399072302935,2.993108042586297,True,43,0,0.010997705605349174,0.4350629543596304
21,675,0.5975613995930894,475.7165108382762,F,0.5177236556546901,9.553066245968907,2.9554480798737215,True,74,0,0.010859329984713891,0.4459222843443443
22,2896,0.7654327001701218,452.99740361683695,F,0.8632852553147857,4.232881024863849,2.797031754785672,True,33,0,0.010277254068438501,0.45619953841278277
23,5488,0.7654326438225749,452.9974126721826,F,0.5093409221937367,7.031709933573602,2.741425811083956,True,47,1,0.010072938758052754,0.46627247717083553
24,1887,0.30851091700559247,510.4105748663054,F,0.6301091178102459,13.294779042615373,2.584445774425443,True,126,0,0.009496140258124407,0.47576861742895993
25,4544,0.30851095496136444,510.4105697326527,F,0.36590469547573,22.221942205513475,2.508537435167516,True,115,0,0.009217226982602186,0.4849858444115621
