,std_of_contribution
term_months,0.27881
int_rate,0.20103
open_acc_ratio,0.17882
revol_util,0.15534
acc_open_past_24mths,0.11879
dti,0.11234
credit_history_months,0.10351
tot_cur_bal,0.096
fico,0.07643
loan_amnt,0.06372
annual_inc,0.05565
delinq_2yrs,0.05471
mort_acc,0.05073
num_tl_op_past_12m,0.05062
revol_bal,0.04998
percent_bc_gt_75,0.0464
pub_rec,0.04464
purpose=other,0.04446
payment_to_income,0.03968
revol_to_income,0.03149
purpose=debt_consolidation,0.02658
ever_delinquent,0.02516
rate_spread,0.02446
home_ownership=RENT,0.02203
emp_years,0.01673
purpose=home_improvement,0.015
whole_loan,0.0147
open_acc,0.01321
inq_last_6mths,0.00908
home_ownership=OTHER,0.00631
home_ownership=OWN,0.00443
verification_status=Verified,0.00402
verification_status=Source Verified,0.0023
joint_app,0.00212
