feature,coef,HR,HR_lower95,HR_upper95,p,abs_log_HR
home_ownership=OTHER,0.6763,1.9665,0.636,6.0803,0.2403,0.6763
term_months,-0.246,0.7819,0.7629,0.8014,0.0,0.246
open_acc_ratio,-0.1731,0.8411,0.8244,0.858,0.0,0.1731
int_rate,0.1567,1.1697,1.1403,1.1999,0.0,0.1567
revol_util,-0.1372,0.8718,0.8466,0.8978,0.0,0.1372
credit_history_months,-0.1126,0.8935,0.8757,0.9116,0.0,0.1126
acc_open_past_24mths,0.1025,1.108,1.0778,1.139,0.0,0.1025
tot_cur_bal,0.0962,1.1009,1.0721,1.1306,0.0,0.0962
dti,-0.0932,0.911,0.8921,0.9304,0.0,0.0932
purpose=other,-0.0907,0.9133,0.8599,0.97,0.0032,0.0907
ever_delinquent,-0.0718,0.9307,0.8944,0.9685,0.0004,0.0718
purpose=debt_consolidation,0.0715,1.0741,1.0288,1.1214,0.0011,0.0715
home_ownership=RENT,-0.0648,0.9373,0.8933,0.9835,0.0083,0.0648
purpose=home_improvement,-0.0526,0.9488,0.8826,1.0199,0.1541,0.0526
mort_acc,0.052,1.0534,1.0283,1.079,0.0,0.052
delinq_2yrs,-0.0515,0.9498,0.9313,0.9686,0.0,0.0515
loan_amnt,-0.0441,0.9569,0.9166,0.999,0.0448,0.0441
whole_loan,0.0369,1.0376,0.9965,1.0804,0.0732,0.0369
fico,0.0363,1.037,1.0136,1.0609,0.0018,0.0363
home_ownership=OWN,-0.0305,0.9699,0.9172,1.0257,0.2844,0.0305
percent_bc_gt_75,-0.0298,0.9707,0.9477,0.9942,0.0148,0.0298
joint_app,-0.0278,0.9726,0.8564,1.1047,0.669,0.0278
num_tl_op_past_12m,-0.02,0.9802,0.9549,1.0061,0.1328,0.02
payment_to_income,-0.0186,0.9816,0.9421,1.0227,0.375,0.0186
emp_years,-0.0177,0.9825,0.9656,0.9997,0.0461,0.0177
rate_spread,0.0154,1.0155,0.9984,1.0329,0.0764,0.0154
annual_inc,0.0131,1.0132,0.9752,1.0527,0.5016,0.0131
pub_rec,0.0121,1.0121,0.9943,1.0303,0.1827,0.0121
open_acc,-0.0093,0.9907,0.9672,1.0148,0.446,0.0093
revol_bal,0.0085,1.0086,0.9781,1.04,0.5853,0.0085
inq_last_6mths,-0.0076,0.9924,0.9747,1.0105,0.4082,0.0076
verification_status=Verified,-0.0056,0.9944,0.9491,1.0419,0.8131,0.0056
verification_status=Source Verified,-0.0024,0.9976,0.9573,1.0396,0.9089,0.0024
revol_to_income,0.0015,1.0015,0.9731,1.0307,0.9173,0.0015
