,count,mean,std,min,1%,50%,99%,max,missing_%,skew
loan_amnt,50000.0,14715.539,8986.417334144297,1000.0,1600.0,12350.0,36000.0,40000.0,0.0,0.754
term_months,50000.0,42.084,10.440456123296588,36.0,36.0,36.0,60.0,60.0,0.0,1.133
int_rate,50000.0,13.042836200000002,4.926143506209136,5.32,5.32,11.99,27.34,30.99,0.0,0.845
rate_spread,50000.0,1.8918626665254124e-14,0.21285347295856857,-17.732708333333335,-0.37320574162679954,1.7763568394002505e-14,0.5350769230769341,2.68181818181818,0.0,-34.961
annual_inc,50000.0,79655.3788658,77693.7645685962,0.0,18649.94,67240.0,275000.0,7000000.0,0.0,37.563
emp_years,46631.0,6.072934314082906,3.70875401236152,0.0,0.0,6.0,10.0,10.0,6.738,-0.245
dti,49992.0,18.878949831973117,9.58202050417203,0.0,2.0891,18.27,39.47179999999993,553.33,0.016,7.108
fico,50000.0,697.54588,31.380770386983833,662.0,662.0,692.0,802.0,847.5,0.0,1.292
credit_history_months,50000.0,200.18178,92.8094030135813,37.0,46.0,181.0,489.0,817.0,0.0,1.077
delinq_2yrs,50000.0,0.3542,0.9338521304767858,0.0,0.0,0.0,4.0,20.0,0.0,4.962
inq_last_6mths,50000.0,0.5649,0.8579759393212896,0.0,0.0,0.0,4.0,5.0,0.0,1.804
open_acc,50000.0,11.87122,5.7443794851588095,1.0,3.0,11.0,30.0,60.0,0.0,1.306
pub_rec,50000.0,0.25696,0.7464199228678352,0.0,0.0,0.0,3.0,61.0,0.0,19.826
revol_bal,50000.0,17000.11742,23778.447365102173,0.0,206.99,11224.5,109188.77000000016,707309.0,0.0,7.999
revol_util,49963.0,50.549988991853965,24.19196621782295,0.0,1.5620000000000005,50.3,98.3,127.5,0.074,0.015
mort_acc,50000.0,1.55918,1.8819480763749152,0.0,0.0,1.0,7.0,61.0,0.0,2.255
tot_cur_bal,50000.0,143947.11814,160516.08717198623,0.0,3398.95,83213.0,694055.0200000006,2494252.0,0.0,2.648
acc_open_past_24mths,50000.0,4.7916,3.2713213646582355,0.0,0.0,4.0,15.0,34.0,0.0,1.299
percent_bc_gt_75,49455.0,42.95941563037104,36.234966778355876,0.0,0.0,40.0,100.0,100.0,1.09,0.299
num_tl_op_past_12m,50000.0,2.23366,1.9179302838037335,0.0,0.0,2.0,8.0,24.0,0.0,1.436
payment_to_income,49993.0,0.19603860380988197,26.50487180028535,6.912e-05,0.009933107392120074,0.06933488372093022,0.19925779555555556,5926.32,0.014,223.59
revol_to_income,49993.0,0.29439727449407277,15.520143065189878,0.0,0.0030747142857142857,0.17295,1.0303445471861519,3470.0,0.014,223.516
open_acc_ratio,50000.0,0.5221302207371016,0.1770462558234876,0.03773584905660377,0.18181818181818182,0.5,1.0,1.0,0.0,0.426
loan_to_income,49993.0,0.5110154754725125,67.08594599115382,0.00017142857142857143,0.025,0.1935483870967742,0.5,15000.0,0.014,223.59
income_vs_state,50000.0,1.1779535845073377,1.1374668583529903,0.0,0.2777777777777778,1.0,4.016777777777801,95.61470007717472,0.0,36.618
loan_vs_purpose_avg,50000.0,1.0,0.6135428829285299,0.06374717235217425,0.1274943447043485,0.8822656001140925,2.6141202966343484,3.8385022024977595,0.0,0.951
total_acc,50000.0,24.48474,12.011493356442115,2.0,5.0,23.0,61.0,115.0,0.0,1.007
bc_util,49429.0,58.47952416597544,28.200659102162813,0.0,0.0,60.7,100.8,189.9,1.142,-0.27
