feature,HR_per_SD,lower,upper,p,c_index
revol_util,0.8484,0.8373,0.8596,0.0,0.551
acc_open_past_24mths,1.1494,1.1351,1.1639,0.0,0.548
open_acc_ratio,0.8699,0.8583,0.8817,0.0,0.5448
revol_to_income,0.8793,0.867,0.8918,0.0,0.5413
num_tl_op_past_12m,1.125,1.1109,1.1392,0.0,0.54
percent_bc_gt_75,0.8828,0.8712,0.8946,0.0,0.5395
term_months,0.826,0.8142,0.838,0.0,0.5344
mort_acc,1.1024,1.0883,1.1166,0.0,0.5316
revol_bal,0.8984,0.8873,0.9096,0.0,0.5313
dti,0.9146,0.9026,0.9267,0.0,0.5255
tot_cur_bal,1.0705,1.0565,1.0847,0.0,0.5255
loan_amnt,0.9181,0.9064,0.9299,0.0,0.523
payment_to_income,0.9357,0.9231,0.9484,0.0,0.522
fico,1.0619,1.0486,1.0753,0.0,0.5191
credit_history_months,0.9277,0.9155,0.94,0.0,0.5167
inq_last_6mths,1.0608,1.0471,1.0746,0.0,0.5165
annual_inc,1.0282,1.0151,1.0415,0.0,0.5119
pub_rec,1.0444,1.0313,1.0577,0.0,0.5102
delinq_2yrs,0.9548,0.942,0.9678,0.0,0.5096
rate_spread,1.0264,1.0129,1.0401,0.0001,0.505
open_acc,0.9852,0.9724,0.9982,0.0261,0.5025
emp_years,0.9845,0.9718,0.9973,0.0181,0.5015
int_rate,0.9809,0.9676,0.9944,0.0056,0.4977
