pd_decile,n,defaults,pd_mean,odr,binom_p_two_sided,jeffreys_p,traffic_light
1,44358,330,0.009742884712878375,0.0074394697687001216,3.3059653377226755e-07,0.9999998665374086,conservative
2,44358,723,0.017345373379646676,0.016299201947788448,0.09429243504192855,0.955330176971744,green
3,44358,1052,0.02416635897763349,0.02371612786870463,0.5465741976152498,0.730541356028152,green
4,44358,1466,0.03129249860226096,0.03304928085125569,0.03454701135153789,0.01740520823551951,amber (PD too low)
5,44358,1786,0.039181811295577205,0.04026331214211642,0.2401382062970624,0.12048403689097174,green
6,44357,2209,0.0483988825279809,0.049800482449218836,0.17013394568419293,0.08494057919814829,green
7,44358,2651,0.05992342589203171,0.059763740475224314,0.8965418804377072,0.5552051052351805,green
8,44358,3409,0.07578000324561143,0.07685197709545065,0.3940931366770618,0.1966065283298341,green
9,44358,4551,0.1018669943662082,0.10259705126470986,0.6099346100264947,0.30506601009614137,green
10,44358,7543,0.18240584429222123,0.17004824383425762,1.0923075974466438e-11,0.9999999999947436,conservative
