,vs_dev_2016,vs_dev_2017,vs_2013_15_2016,vs_2013_15_2017,dev_missing_share
sub_grade_n,0.02073522931147871,0.04451545802450203,0.022146773249217735,0.0453580030887957,0.0
int_rate,0.09114487620363096,0.1443808252743932,0.09146946733391083,0.14793569406137133,0.0
acc_open_past_24mths,0.5949834679660981,0.586785970806657,0.00869139788844484,0.0017731013496866633,0.05344351869748873
dti,0.007242311326093725,0.021865533808435658,0.0032825363514151547,0.01984250081247508,1.2433719795951354e-05
inst_to_inc,0.017768364158169275,0.05304961125704855,0.023411303808857236,0.06155027813748174,2.26067632653661e-06
revol_to_inc,0.015399601537771937,0.03397720826828986,0.01784905837113755,0.03771530564194827,2.26067632653661e-06
mo_sin_old_rev_tl_op,0.8834070040018687,0.9186372466671466,0.020102057027775903,0.05753470830545069,0.0763294754891821
log_inc,0.008521839342425445,0.018260635306859237,0.0060954740817938235,0.01639903140052924,2.26067632653661e-06
bc_util,0.12813351005659598,0.18203254682065842,0.03459839978642988,0.10354286699693674,0.06300052786792225
mo_sin_old_il_acct,0.11915022945700893,0.12036649684377089,0.006390322884737494,0.018919237032850717,0.10521526725150364
loan_to_inc,0.014921779936003266,0.04360731967077005,0.020907199544957317,0.05210919460796042,2.26067632653661e-06
mths_since_recent_inq,0.020301378401745028,0.01153502537760481,0.0007353174636539674,0.0035299513988569942,0.1514031452789731
mths_since_recent_bc,0.10244506980854956,0.08560836512254695,0.006143569703574344,0.004407767702147706,0.06178202332791902
credit_hist_m,0.004269204147053339,0.006144035894007063,0.002686877864250076,0.005349267674431785,0.0
bc_open_to_buy,0.11916893510589255,0.16112436408682196,0.02415249108446121,0.08132914592188506,0.062416143037512535
emp_len,0.010615607529839949,0.017907198384789186,0.010845664861547123,0.019217222897875096,0.05064028005258333
revol_util,0.03468070210757272,0.09416496555416032,0.03712980053003824,0.1001824517813844,0.000522216231429957
installment,0.015294112938382919,0.03276024125844108,0.019743964773043472,0.0410661243377418,0.0
