grade,term_m,n,cdr_12m,cdr_life,k,ead_ratio_life
A,36.0,133275,0.012635528043519039,0.05452635528043519,4.409335517384632,0.5065536676179611
A,60.0,770,0.01818181818181818,0.08311688311688312,4.729119928931044,0.6055925299930905
B,36.0,202361,0.02969445693587203,0.1123141316755699,3.9522394553521667,0.5394188193311039
B,60.0,5505,0.029246139872842872,0.15113533151680292,5.520303989097477,0.632470452439682
C,36.0,156094,0.05758068855945776,0.1803784898843005,3.3540629583365447,0.5806100705554622
C,60.0,15414,0.04210458025171922,0.21733489035941353,5.696637228914879,0.6532209844344089
D,36.0,72843,0.08751698859190313,0.23567123814230606,2.934485832397695,0.6212383440865205
D,60.0,8299,0.06747800939872274,0.2753343776358597,4.609693785676508,0.6985447376102569
E,36.0,20542,0.12262681335799824,0.2891636646869828,2.6089713165359703,0.6545384630883124
E,60.0,8218,0.08311024580189827,0.3203942565100998,4.451436786391612,0.7231307752678184
F,36.0,4054,0.15342871238283176,0.3317710902812038,2.4202833092188185,0.6846556626385895
F,60.0,4997,0.10826495897538523,0.36301781068641187,3.9360190582843195,0.742336793486899
G,36.0,466,0.22746781115879827,0.39914163090128757,1.9737789353273165,0.7355682784274126
G,60.0,1086,0.12338858195211787,0.37937384898710863,3.622302987037541,0.7617238311430528
