issue_year,share_terminal,dr_terminal,dr_all_loans_incl_open
2007,1.0,0.17928286852589642,0.17928286852589642
2008,1.0,0.15813060179257363,0.15813060179257363
2009,1.0,0.12595419847328243,0.12595419847328243
2010,1.0,0.09945665012993149,0.09945665012993149
2011,1.0,0.10630451741011276,0.10630451741011276
2012,1.0,0.13579480101219232,0.13579480101219232
2013,1.0,0.12325984346059628,0.12325984346059628
2014,1.0,0.13726394783785445,0.13726394783785445
2015,0.9994808827112754,0.14886264866125373,0.14900078750445842
2016,0.7182831264779981,0.19848425510305084,0.15131918576794076
2017,0.40119655825653283,0.2001851405278839,0.09623336943190011
2018,0.11974317537593822,0.13248691606900562,0.028865207690812397
