rule,h,fold,n,auc,log_loss
momentum_ret15,5,F1,132475,0.4796291211434994,
flow_rule_ofi15z,5,F1,132475,0.4851831139515293,
flow_ofi1,5,F1,132475,0.48869880994010007,
prior_only,5,F1,132475,0.5,0.6931409704205699
momentum_ret15,5,F2,132475,0.4767882333634575,
flow_rule_ofi15z,5,F2,132475,0.47995813675737703,
flow_ofi1,5,F2,132475,0.4935338636392127,
prior_only,5,F2,132475,0.5,0.6931516181243914
momentum_ret15,5,F3,131035,0.47863583916568103,
flow_rule_ofi15z,5,F3,131035,0.4860814228842485,
flow_ofi1,5,F3,131020,0.4890659750868167,
prior_only,5,F3,131035,0.5,0.6931396677631912
momentum_ret15,5,F4,129595,0.4830671359654026,
flow_rule_ofi15z,5,F4,129595,0.48685547257911965,
flow_ofi1,5,F4,129595,0.49466005219119413,
prior_only,5,F4,129595,0.5,0.6931489316068722
momentum_ret15,5,F5,132475,0.47455932215520474,
flow_rule_ofi15z,5,F5,132475,0.4807382560233042,
flow_ofi1,5,F5,132475,0.49696162225390633,
prior_only,5,F5,132475,0.5,0.6931370944256696
momentum_ret15,5,F6,132475,0.47960548623846266,
flow_rule_ofi15z,5,F6,132470,0.47927891723875177,
flow_ofi1,5,F6,132456,0.4913030725123543,
prior_only,5,F6,132475,0.5,0.6931300981914901
momentum_ret15,5,F7,43195,0.48279199031920994,
flow_rule_ofi15z,5,F7,43195,0.4870621637478891,
flow_ofi1,5,F7,43195,0.4897498266243183,
prior_only,5,F7,43195,0.5,0.6931689614119554
momentum_ret15,15,F1,132465,0.474546072830288,
flow_rule_ofi15z,15,F1,132465,0.4832598537223004,
flow_ofi1,15,F1,132465,0.49060865589240893,
prior_only,15,F1,132465,0.5,0.6931214734268762
momentum_ret15,15,F2,132465,0.4624593087258017,
flow_rule_ofi15z,15,F2,132465,0.47001569858626824,
flow_ofi1,15,F2,132465,0.48692711042318454,
prior_only,15,F2,132465,0.5,0.6931801986432035
momentum_ret15,15,F3,131025,0.4785046475484426,
flow_rule_ofi15z,15,F3,131025,0.4906116553752515,
flow_ofi1,15,F3,131010,0.49254117906648054,
prior_only,15,F3,131025,0.5,0.6931128105184007
momentum_ret15,15,F4,129585,0.48572815931851226,
flow_rule_ofi15z,15,F4,129585,0.4911050412582652,
flow_ofi1,15,F4,129585,0.4940731354731155,
prior_only,15,F4,129585,0.5,0.6931442372351594
momentum_ret15,15,F5,132465,0.4726577618798794,
flow_rule_ofi15z,15,F5,132465,0.47967660516724075,
flow_ofi1,15,F5,132465,0.4929727025047247,
prior_only,15,F5,132465,0.5,0.6930901581225449
momentum_ret15,15,F6,132465,0.4801919333845047,
flow_rule_ofi15z,15,F6,132460,0.4802549629112305,
flow_ofi1,15,F6,132446,0.49129978433631916,
prior_only,15,F6,132465,0.5,0.6930268305024074
momentum_ret15,15,F7,43185,0.4673518334585755,
flow_rule_ofi15z,15,F7,43185,0.4732995913354339,
flow_ofi1,15,F7,43185,0.49877064619485845,
prior_only,15,F7,43185,0.5,0.6931661080249364
momentum_ret15,30,F1,132450,0.4809320740472627,
flow_rule_ofi15z,30,F1,132450,0.4884279058959612,
flow_ofi1,30,F1,132450,0.4911932831552425,
prior_only,30,F1,132450,0.5,0.693030226400595
momentum_ret15,30,F2,132450,0.4700123749574953,
flow_rule_ofi15z,30,F2,132450,0.48078887274910365,
flow_ofi1,30,F2,132450,0.4874178425578374,
prior_only,30,F2,132450,0.5,0.6932096336435218
momentum_ret15,30,F3,131010,0.4809592912997408,
flow_rule_ofi15z,30,F3,131010,0.4926017170492819,
flow_ofi1,30,F3,130995,0.4969712551559947,
prior_only,30,F3,131010,0.5,0.6929979689945865
momentum_ret15,30,F4,129570,0.4823854385921691,
flow_rule_ofi15z,30,F4,129570,0.4888428207167844,
flow_ofi1,30,F4,129570,0.4947255024585948,
prior_only,30,F4,129570,0.5,0.6932395321548886
momentum_ret15,30,F5,132450,0.4774769056674524,
flow_rule_ofi15z,30,F5,132450,0.4834988562562254,
flow_ofi1,30,F5,132450,0.4935852316166356,
prior_only,30,F5,132450,0.5,0.6929557128646163
momentum_ret15,30,F6,132450,0.47769785309672264,
flow_rule_ofi15z,30,F6,132445,0.4776560002731736,
flow_ofi1,30,F6,132431,0.49046999724837986,
prior_only,30,F6,132450,0.5,0.6927969713306665
momentum_ret15,30,F7,43170,0.46300033867765994,
flow_rule_ofi15z,30,F7,43170,0.47181560778695175,
flow_ofi1,30,F7,43170,0.49147688767239306,
prior_only,30,F7,43170,0.5,0.6932081245359386
momentum_ret15,60,F1,132420,0.47977904414889416,
flow_rule_ofi15z,60,F1,132420,0.4880087457623422,
flow_ofi1,60,F1,132420,0.4940990861299434,
prior_only,60,F1,132420,0.5,0.692898442458862
momentum_ret15,60,F2,132420,0.4763874447920744,
flow_rule_ofi15z,60,F2,132420,0.4883905701311318,
flow_ofi1,60,F2,132420,0.49520111763119956,
prior_only,60,F2,132420,0.5,0.6933954967963337
momentum_ret15,60,F3,130980,0.476967524101526,
flow_rule_ofi15z,60,F3,130980,0.48697474412280406,
flow_ofi1,60,F3,130965,0.49848453118180647,
prior_only,60,F3,130980,0.5,0.6928816456926219
momentum_ret15,60,F4,129540,0.4798320679987615,
flow_rule_ofi15z,60,F4,129540,0.48595050390529004,
flow_ofi1,60,F4,129540,0.492322224769614,
prior_only,60,F4,129540,0.5,0.6931808952166517
momentum_ret15,60,F5,132420,0.4821156206650954,
flow_rule_ofi15z,60,F5,132420,0.4856387285186483,
flow_ofi1,60,F5,132420,0.49224217723914093,
prior_only,60,F5,132420,0.5,0.6927322933093923
momentum_ret15,60,F6,132420,0.48741385555142663,
flow_rule_ofi15z,60,F6,132415,0.48687861008322575,
flow_ofi1,60,F6,132401,0.49135923060258846,
prior_only,60,F6,132420,0.5,0.6925555406227949
momentum_ret15,60,F7,43140,0.4791079765137429,
flow_rule_ofi15z,60,F7,43140,0.4927693612666273,
flow_ofi1,60,F7,43140,0.5008084944850191,
prior_only,60,F7,43140,0.5,0.693234551454378
