hour,vol,absret,ofi_sd
0,2393.194982733686,5.870699458583867,0.3570281906006562
1,2388.160904179894,5.80663661543387,0.36196998420472276
2,2118.0842744620813,5.2168855525900115,0.3677980864229796
3,1775.412820335097,4.466497300416927,0.38064036733715767
4,1645.39553994709,4.162540528941727,0.3905333947841209
5,1706.9725257671957,4.190366396059295,0.38736137121402064
6,1840.1491282186948,4.314771895713243,0.380950682721529
7,2104.0259010582013,4.5334314609358435,0.3720548462735247
8,2255.6951789065256,4.806337317980825,0.36652371856142285
9,2099.2773415520282,4.636238759014025,0.3695826779605275
10,2078.3726513580245,4.558504917725406,0.37457698838125175
11,2103.19941984127,4.522111735556976,0.3719955277978675
12,2811.1105369664906,5.477233785908794,0.35386976508714146
13,3619.7957411287475,6.546577584899383,0.33509929796535654
14,4489.088581992945,7.596974443155407,0.3178863592659894
15,3961.7469741446207,7.065548837651525,0.320040060945818
16,3485.912604850088,6.644699938240534,0.33504448282076327
17,3188.471619082892,6.3760928065860805,0.34281858609382865
18,2753.7077401587303,6.0041907555862615,0.3530462339599837
19,2524.4093917989417,5.815130260857311,0.3595232466618149
20,2357.24678627866,5.719017608438217,0.3722765571508532
21,1963.220451851852,5.665547446585714,0.40287488730591564
22,1965.192218095238,5.425483917283347,0.38679098324685024
23,1787.0005888594633,4.8039998066355745,0.37639745015206094
