open_time,high_vol_share,trending_share,mean_hourly_vol_pct
2017,0.2271619975639464,0.24543239951278928,1.284618182883362
2018,0.25296803652968036,0.3045662100456621,0.8423158050651507
2019,0.2930365296803653,0.28949771689497716,0.5791397756099527
2020,0.37454462659380694,0.2995218579234973,0.596683289680166
2021,0.3273972602739726,0.31267123287671234,0.8254636670717366
2022,0.28573059360730596,0.29497716894977166,0.592091925816118
2023,0.3565068493150685,0.27363013698630134,0.38952935250592097
2024,0.3757969034608379,0.3012295081967213,0.5066313336444104
2025,0.3321917808219178,0.2888127853881279,0.41888908347052345
2026,0.2724358974358974,0.31654456654456653,0.40862517071534055
