source_file,rows,ts_unit,has_header,first,last,expected_rows,coverage,ordered_in_file
ETHUSDT-1m-2017-08.zip,21360,ms,False,2017-08-17 04:00:00+00:00,2017-08-31 23:59:00+00:00,44640,0.478494623655914,True
ETHUSDT-1m-2017-09.zip,42780,ms,False,2017-09-01 00:00:00+00:00,2017-09-30 23:59:00+00:00,43200,0.9902777777777778,True
ETHUSDT-1m-2017-10.zip,44640,ms,False,2017-10-01 00:00:00+00:00,2017-10-31 23:59:00+00:00,44640,1.0,True
ETHUSDT-1m-2017-11.zip,43200,ms,False,2017-11-01 00:00:00+00:00,2017-11-30 23:59:00+00:00,43200,1.0,True
ETHUSDT-1m-2017-12.zip,44564,ms,False,2017-12-01 00:00:00+00:00,2017-12-31 23:59:00+00:00,44640,0.9982974910394266,True
ETHUSDT-1m-2018-01.zip,44515,ms,False,2018-01-01 00:00:00+00:00,2018-01-31 23:59:00+00:00,44640,0.9971998207885304,True
ETHUSDT-1m-2018-02.zip,38261,ms,False,2018-02-01 00:00:00+00:00,2018-02-28 23:59:00+00:00,40320,0.9489335317460318,True
ETHUSDT-1m-2018-03.zip,44640,ms,False,2018-03-01 00:00:00+00:00,2018-03-31 23:59:00+00:00,44640,1.0,True
ETHUSDT-1m-2018-04.zip,43200,ms,False,2018-04-01 00:00:00+00:00,2018-04-30 23:59:00+00:00,43200,1.0,True
ETHUSDT-1m-2018-05.zip,44640,ms,False,2018-05-01 00:00:00+00:00,2018-05-31 23:59:00+00:00,44640,1.0,True
ETHUSDT-1m-2018-06.zip,42495,ms,False,2018-06-01 00:00:00+00:00,2018-06-30 23:59:00+00:00,43200,0.9836805555555556,True
ETHUSDT-1m-2018-07.zip,44183,ms,False,2018-07-01 00:00:00+00:00,2018-07-31 23:59:00+00:00,44640,0.9897625448028674,True
ETHUSDT-1m-2018-08.zip,44640,ms,False,2018-08-01 00:00:00+00:00,2018-08-31 23:59:00+00:00,44640,1.0,True
ETHUSDT-1m-2018-09.zip,43200,ms,False,2018-09-01 00:00:00+00:00,2018-09-30 23:59:00+00:00,43200,1.0,True
ETHUSDT-1m-2018-10.zip,44430,ms,False,2018-10-01 00:00:00+00:00,2018-10-31 23:59:00+00:00,44640,0.9952956989247311,True
ETHUSDT-1m-2018-11.zip,42780,ms,False,2018-11-01 00:00:00+00:00,2018-11-30 23:59:00+00:00,43200,0.9902777777777778,True
ETHUSDT-1m-2018-12.zip,44640,ms,False,2018-12-01 00:00:00+00:00,2018-12-31 23:59:00+00:00,44640,1.0,True
ETHUSDT-1m-2019-01.zip,44640,ms,False,2019-01-01 00:00:00+00:00,2019-01-31 23:59:00+00:00,44640,1.0,True
ETHUSDT-1m-2019-02.zip,40320,ms,False,2019-02-01 00:00:00+00:00,2019-02-28 23:59:00+00:00,40320,1.0,True
ETHUSDT-1m-2019-03.zip,44280,ms,False,2019-03-01 00:00:00+00:00,2019-03-31 23:59:00+00:00,44640,0.9919354838709677,True
ETHUSDT-1m-2019-04.zip,43200,ms,False,2019-04-01 00:00:00+00:00,2019-04-30 23:59:00+00:00,43200,1.0,True
ETHUSDT-1m-2019-05.zip,44040,ms,False,2019-05-01 00:00:00+00:00,2019-05-31 23:59:00+00:00,44640,0.9865591397849462,True
ETHUSDT-1m-2019-06.zip,43139,ms,False,2019-06-01 00:00:00+00:00,2019-06-30 23:59:00+00:00,43200,0.9985879629629629,True
ETHUSDT-1m-2019-07.zip,44640,ms,False,2019-07-01 00:00:00+00:00,2019-07-31 23:59:00+00:00,44640,1.0,True
ETHUSDT-1m-2019-08.zip,44160,ms,False,2019-08-01 00:00:00+00:00,2019-08-31 23:59:00+00:00,44640,0.989247311827957,True
ETHUSDT-1m-2019-09.zip,43200,ms,False,2019-09-01 00:00:00+00:00,2019-09-30 23:59:00+00:00,43200,1.0,True
ETHUSDT-1m-2019-10.zip,44640,ms,False,2019-10-01 00:00:00+00:00,2019-10-31 23:59:00+00:00,44640,1.0,True
ETHUSDT-1m-2019-11.zip,42937,ms,False,2019-11-01 00:00:00+00:00,2019-11-30 23:59:00+00:00,43200,0.993912037037037,True
ETHUSDT-1m-2019-12.zip,44640,ms,False,2019-12-01 00:00:00+00:00,2019-12-31 23:59:00+00:00,44640,1.0,True
ETHUSDT-1m-2020-01.zip,44640,ms,False,2020-01-01 00:00:00+00:00,2020-01-31 23:59:00+00:00,44640,1.0,True
ETHUSDT-1m-2020-02.zip,41346,ms,False,2020-02-01 00:00:00+00:00,2020-02-29 23:59:00+00:00,41760,0.9900862068965517,True
ETHUSDT-1m-2020-03.zip,44512,ms,False,2020-03-01 00:00:00+00:00,2020-03-31 23:59:00+00:00,44640,0.9971326164874552,True
ETHUSDT-1m-2020-04.zip,43050,ms,False,2020-04-01 00:00:00+00:00,2020-04-30 23:59:00+00:00,43200,0.9965277777777778,True
ETHUSDT-1m-2020-05.zip,44640,ms,False,2020-05-01 00:00:00+00:00,2020-05-31 23:59:00+00:00,44640,1.0,True
ETHUSDT-1m-2020-06.zip,42990,ms,False,2020-06-01 00:00:00+00:00,2020-06-30 23:59:00+00:00,43200,0.9951388888888889,True
ETHUSDT-1m-2020-07.zip,44640,ms,False,2020-07-01 00:00:00+00:00,2020-07-31 23:59:00+00:00,44640,1.0,True
ETHUSDT-1m-2020-08.zip,44640,ms,False,2020-08-01 00:00:00+00:00,2020-08-31 23:59:00+00:00,44640,1.0,True
ETHUSDT-1m-2020-09.zip,43200,ms,False,2020-09-01 00:00:00+00:00,2020-09-30 23:59:00+00:00,43200,1.0,True
ETHUSDT-1m-2020-10.zip,44640,ms,False,2020-10-01 00:00:00+00:00,2020-10-31 23:59:00+00:00,44640,1.0,True
ETHUSDT-1m-2020-11.zip,43140,ms,False,2020-11-01 00:00:00+00:00,2020-11-30 23:59:00+00:00,43200,0.9986111111111111,True
ETHUSDT-1m-2020-12.zip,44349,ms,False,2020-12-01 00:00:00+00:00,2020-12-31 23:59:00+00:00,44640,0.993481182795699,True
ETHUSDT-1m-2021-01.zip,44640,ms,False,2021-01-01 00:00:00+00:00,2021-01-31 23:59:00+00:00,44640,1.0,True
ETHUSDT-1m-2021-02.zip,40241,ms,False,2021-02-01 00:00:00+00:00,2021-02-28 23:59:00+00:00,40320,0.9980406746031746,True
ETHUSDT-1m-2021-03.zip,44550,ms,False,2021-03-01 00:00:00+00:00,2021-03-31 23:59:00+00:00,44640,0.9979838709677419,True
ETHUSDT-1m-2021-04.zip,42766,ms,False,2021-04-01 00:00:00+00:00,2021-04-30 23:59:00+00:00,43200,0.9899537037037037,True
ETHUSDT-1m-2021-05.zip,44640,ms,False,2021-05-01 00:00:00+00:00,2021-05-31 23:59:00+00:00,44640,1.0,True
ETHUSDT-1m-2021-06.zip,43200,ms,False,2021-06-01 00:00:00+00:00,2021-06-30 23:59:00+00:00,43200,1.0,True
ETHUSDT-1m-2021-07.zip,44640,ms,False,2021-07-01 00:00:00+00:00,2021-07-31 23:59:00+00:00,44640,1.0,True
ETHUSDT-1m-2021-08.zip,44370,ms,False,2021-08-01 00:00:00+00:00,2021-08-31 23:59:00+00:00,44640,0.9939516129032258,True
ETHUSDT-1m-2021-09.zip,43080,ms,False,2021-09-01 00:00:00+00:00,2021-09-30 23:59:00+00:00,43200,0.9972222222222222,True
ETHUSDT-1m-2021-10.zip,44640,ms,False,2021-10-01 00:00:00+00:00,2021-10-31 23:59:00+00:00,44640,1.0,True
ETHUSDT-1m-2021-11.zip,43200,ms,False,2021-11-01 00:00:00+00:00,2021-11-30 23:59:00+00:00,43200,1.0,True
ETHUSDT-1m-2021-12.zip,44640,ms,False,2021-12-01 00:00:00+00:00,2021-12-31 23:59:00+00:00,44640,1.0,True
ETHUSDT-1m-2022-01.zip,44640,ms,False,2022-01-01 00:00:00+00:00,2022-01-31 23:59:00+00:00,44640,1.0,True
ETHUSDT-1m-2022-02.zip,40320,ms,False,2022-02-01 00:00:00+00:00,2022-02-28 23:59:00+00:00,40320,1.0,True
ETHUSDT-1m-2022-03.zip,44640,ms,False,2022-03-01 00:00:00+00:00,2022-03-31 23:59:00+00:00,44640,1.0,True
ETHUSDT-1m-2022-04.zip,43200,ms,False,2022-04-01 00:00:00+00:00,2022-04-30 23:59:00+00:00,43200,1.0,True
ETHUSDT-1m-2022-05.zip,44640,ms,False,2022-05-01 00:00:00+00:00,2022-05-31 23:59:00+00:00,44640,1.0,True
ETHUSDT-1m-2022-06.zip,43200,ms,False,2022-06-01 00:00:00+00:00,2022-06-30 23:59:00+00:00,43200,1.0,True
ETHUSDT-1m-2022-07.zip,44640,ms,False,2022-07-01 00:00:00+00:00,2022-07-31 23:59:00+00:00,44640,1.0,True
ETHUSDT-1m-2022-08.zip,44640,ms,False,2022-08-01 00:00:00+00:00,2022-08-31 23:59:00+00:00,44640,1.0,True
ETHUSDT-1m-2022-09.zip,43200,ms,False,2022-09-01 00:00:00+00:00,2022-09-30 23:59:00+00:00,43200,1.0,True
ETHUSDT-1m-2022-10.zip,44640,ms,False,2022-10-01 00:00:00+00:00,2022-10-31 23:59:00+00:00,44640,1.0,True
ETHUSDT-1m-2022-11.zip,43200,ms,False,2022-11-01 00:00:00+00:00,2022-11-30 23:59:00+00:00,43200,1.0,True
ETHUSDT-1m-2022-12.zip,44640,ms,False,2022-12-01 00:00:00+00:00,2022-12-31 23:59:00+00:00,44640,1.0,True
ETHUSDT-1m-2023-01.zip,44640,ms,False,2023-01-01 00:00:00+00:00,2023-01-31 23:59:00+00:00,44640,1.0,True
ETHUSDT-1m-2023-02.zip,40320,ms,False,2023-02-01 00:00:00+00:00,2023-02-28 23:59:00+00:00,40320,1.0,True
ETHUSDT-1m-2023-03.zip,44560,ms,False,2023-03-01 00:00:00+00:00,2023-03-31 23:59:00+00:00,44640,0.9982078853046595,True
ETHUSDT-1m-2023-04.zip,43200,ms,False,2023-04-01 00:00:00+00:00,2023-04-30 23:59:00+00:00,43200,1.0,True
ETHUSDT-1m-2023-05.zip,44640,ms,False,2023-05-01 00:00:00+00:00,2023-05-31 23:59:00+00:00,44640,1.0,True
ETHUSDT-1m-2023-06.zip,43200,ms,False,2023-06-01 00:00:00+00:00,2023-06-30 23:59:00+00:00,43200,1.0,True
ETHUSDT-1m-2023-07.zip,44640,ms,False,2023-07-01 00:00:00+00:00,2023-07-31 23:59:00+00:00,44640,1.0,True
ETHUSDT-1m-2023-08.zip,44640,ms,False,2023-08-01 00:00:00+00:00,2023-08-31 23:59:00+00:00,44640,1.0,True
ETHUSDT-1m-2023-09.zip,43200,ms,False,2023-09-01 00:00:00+00:00,2023-09-30 23:59:00+00:00,43200,1.0,True
ETHUSDT-1m-2023-10.zip,44640,ms,False,2023-10-01 00:00:00+00:00,2023-10-31 23:59:00+00:00,44640,1.0,True
ETHUSDT-1m-2023-11.zip,43200,ms,False,2023-11-01 00:00:00+00:00,2023-11-30 23:59:00+00:00,43200,1.0,True
ETHUSDT-1m-2023-12.zip,44640,ms,False,2023-12-01 00:00:00+00:00,2023-12-31 23:59:00+00:00,44640,1.0,True
ETHUSDT-1m-2024-01.zip,44640,ms,False,2024-01-01 00:00:00+00:00,2024-01-31 23:59:00+00:00,44640,1.0,True
ETHUSDT-1m-2024-02.zip,41760,ms,False,2024-02-01 00:00:00+00:00,2024-02-29 23:59:00+00:00,41760,1.0,True
ETHUSDT-1m-2024-03.zip,44640,ms,False,2024-03-01 00:00:00+00:00,2024-03-31 23:59:00+00:00,44640,1.0,True
ETHUSDT-1m-2024-04.zip,43200,ms,False,2024-04-01 00:00:00+00:00,2024-04-30 23:59:00+00:00,43200,1.0,True
ETHUSDT-1m-2024-05.zip,44640,ms,False,2024-05-01 00:00:00+00:00,2024-05-31 23:59:00+00:00,44640,1.0,True
ETHUSDT-1m-2024-06.zip,43200,ms,False,2024-06-01 00:00:00+00:00,2024-06-30 23:59:00+00:00,43200,1.0,True
ETHUSDT-1m-2024-07.zip,44640,ms,False,2024-07-01 00:00:00+00:00,2024-07-31 23:59:00+00:00,44640,1.0,True
ETHUSDT-1m-2024-08.zip,44640,ms,False,2024-08-01 00:00:00+00:00,2024-08-31 23:59:00+00:00,44640,1.0,True
ETHUSDT-1m-2024-09.zip,43200,ms,False,2024-09-01 00:00:00+00:00,2024-09-30 23:59:00+00:00,43200,1.0,True
ETHUSDT-1m-2024-10.zip,44640,ms,False,2024-10-01 00:00:00+00:00,2024-10-31 23:59:00+00:00,44640,1.0,True
ETHUSDT-1m-2024-11.zip,43200,ms,False,2024-11-01 00:00:00+00:00,2024-11-30 23:59:00+00:00,43200,1.0,True
ETHUSDT-1m-2024-12.zip,44640,ms,False,2024-12-01 00:00:00+00:00,2024-12-31 23:59:00+00:00,44640,1.0,True
ETHUSDT-1m-2025-01.zip,44640,us,False,2025-01-01 00:00:00+00:00,2025-01-31 23:59:00+00:00,44640,1.0,True
ETHUSDT-1m-2025-02.zip,40320,us,False,2025-02-01 00:00:00+00:00,2025-02-28 23:59:00+00:00,40320,1.0,True
ETHUSDT-1m-2025-03.zip,44640,us,False,2025-03-01 00:00:00+00:00,2025-03-31 23:59:00+00:00,44640,1.0,True
ETHUSDT-1m-2025-04.zip,43200,us,False,2025-04-01 00:00:00+00:00,2025-04-30 23:59:00+00:00,43200,1.0,True
ETHUSDT-1m-2025-05.zip,44640,us,False,2025-05-01 00:00:00+00:00,2025-05-31 23:59:00+00:00,44640,1.0,True
ETHUSDT-1m-2025-06.zip,43200,us,False,2025-06-01 00:00:00+00:00,2025-06-30 23:59:00+00:00,43200,1.0,True
ETHUSDT-1m-2025-07.zip,44640,us,False,2025-07-01 00:00:00+00:00,2025-07-31 23:59:00+00:00,44640,1.0,True
ETHUSDT-1m-2025-08.zip,44640,us,False,2025-08-01 00:00:00+00:00,2025-08-31 23:59:00+00:00,44640,1.0,True
ETHUSDT-1m-2025-09.zip,43200,us,False,2025-09-01 00:00:00+00:00,2025-09-30 23:59:00+00:00,43200,1.0,True
ETHUSDT-1m-2025-10.zip,44640,us,False,2025-10-01 00:00:00+00:00,2025-10-31 23:59:00+00:00,44640,1.0,True
ETHUSDT-1m-2025-11.zip,43200,us,False,2025-11-01 00:00:00+00:00,2025-11-30 23:59:00+00:00,43200,1.0,True
ETHUSDT-1m-2025-12.zip,44640,us,False,2025-12-01 00:00:00+00:00,2025-12-31 23:59:00+00:00,44640,1.0,True
ETHUSDT-1m-2026-01.zip,44640,us,False,2026-01-01 00:00:00+00:00,2026-01-31 23:59:00+00:00,44640,1.0,True
ETHUSDT-1m-2026-02.zip,40320,us,False,2026-02-01 00:00:00+00:00,2026-02-28 23:59:00+00:00,40320,1.0,True
ETHUSDT-1m-2026-03.zip,44640,us,False,2026-03-01 00:00:00+00:00,2026-03-31 23:59:00+00:00,44640,1.0,True
ETHUSDT-1m-2026-04.zip,43200,us,False,2026-04-01 00:00:00+00:00,2026-04-30 23:59:00+00:00,43200,1.0,True
ETHUSDT-1m-2026-05.zip,44640,us,False,2026-05-01 00:00:00+00:00,2026-05-31 23:59:00+00:00,44640,1.0,True
ETHUSDT-1m-2026-06.zip,43200,us,False,2026-06-01 00:00:00+00:00,2026-06-30 23:59:00+00:00,43200,1.0,True
ETHUSDT-1m-2026-07.zip,44640,us,False,2026-07-01 00:00:00+00:00,2026-07-31 23:59:00+00:00,44640,1.0,True
ETHUSDT-1m-2026-08.zip,44640,us,False,2026-08-01 00:00:00+00:00,2026-08-31 23:59:00+00:00,44640,1.0,True
ETHUSDT-1m-2026-09.zip,43200,us,False,2026-09-01 00:00:00+00:00,2026-09-30 23:59:00+00:00,43200,1.0,True
