feature,meaning,lookback_minutes,information_window,latest_information,prediction_time,execution_time,target_window
ret_1m,log return over the last 1 minute,1,"candles opened in [t-1m, t-1m]",close of candle t-1m (closes exactly at t),t,open of candle t+1m,"[t+1m, t+61m]"
ret_5m,log return over the last 5 minutes,5,"candles opened in [t-5m, t-1m]",close of candle t-1m (closes exactly at t),t,open of candle t+1m,"[t+1m, t+61m]"
ret_15m,log return over the last 15 minutes,15,"candles opened in [t-15m, t-1m]",close of candle t-1m (closes exactly at t),t,open of candle t+1m,"[t+1m, t+61m]"
ret_30m,log return over the last 30 minutes,30,"candles opened in [t-30m, t-1m]",close of candle t-1m (closes exactly at t),t,open of candle t+1m,"[t+1m, t+61m]"
ret_60m,log return over the last 60 minutes,60,"candles opened in [t-60m, t-1m]",close of candle t-1m (closes exactly at t),t,open of candle t+1m,"[t+1m, t+61m]"
ret_4h,log return over the last 4 hours,240,"candles opened in [t-240m, t-1m]",close of candle t-1m (closes exactly at t),t,open of candle t+1m,"[t+1m, t+61m]"
ret_24h,log return over the last 24 hours,1440,"candles opened in [t-1440m, t-1m]",close of candle t-1m (closes exactly at t),t,open of candle t+1m,"[t+1m, t+61m]"
ma_dist_24h,log distance of price from its 24h moving average,1440,"candles opened in [t-1440m, t-1m]",close of candle t-1m (closes exactly at t),t,open of candle t+1m,"[t+1m, t+61m]"
log_rv_60m,log realised volatility of the last 60 minutes,60,"candles opened in [t-60m, t-1m]",close of candle t-1m (closes exactly at t),t,open of candle t+1m,"[t+1m, t+61m]"
log_rv_24h,log realised volatility of the last 24 hours (hourly units),1440,"candles opened in [t-1440m, t-1m]",close of candle t-1m (closes exactly at t),t,open of candle t+1m,"[t+1m, t+61m]"
vol_ratio,log_rv_60m - log_rv_24h: is the last hour unusually volatile?,1440,"candles opened in [t-1440m, t-1m]",close of candle t-1m (closes exactly at t),t,open of candle t+1m,"[t+1m, t+61m]"
range_rel_60m,last-hour high-low range relative to 24h hourly volatility,1440,"candles opened in [t-1440m, t-1m]",close of candle t-1m (closes exactly at t),t,open of candle t+1m,"[t+1m, t+61m]"
rel_volume_60m,log of last-hour volume relative to the 7-day hourly average,10080,"candles opened in [t-10080m, t-1m]",close of candle t-1m (closes exactly at t),t,open of candle t+1m,"[t+1m, t+61m]"
volume_chg_60m,log change of volume: last hour vs the hour before,120,"candles opened in [t-120m, t-1m]",close of candle t-1m (closes exactly at t),t,open of candle t+1m,"[t+1m, t+61m]"
taker_imb_60m,"taker-buy minus taker-sell volume, as share of volume (order flow)",60,"candles opened in [t-60m, t-1m]",close of candle t-1m (closes exactly at t),t,open of candle t+1m,"[t+1m, t+61m]"
clv_60m,"where the price closed within the last-hour range (0 = low, 1 = high)",60,"candles opened in [t-60m, t-1m]",close of candle t-1m (closes exactly at t),t,open of candle t+1m,"[t+1m, t+61m]"
