gap_start,gap_end,missing_minutes,off_grid_rows_inside,kind
2017-12-04 06:01:00+00:00,2017-12-18 10:13:00+00:00,20413,20400,"phase-shifted candles (data exist, off grid)"
2018-02-08 00:29:00+00:00,2018-02-10 06:14:00+00:00,3226,1201,mixed: outage + phase-shifted candles
2018-06-26 02:00:00+00:00,2018-06-26 11:59:00+00:00,600,0,no data (outage / archive gap)
2019-05-15 03:00:00+00:00,2019-05-15 12:59:00+00:00,600,0,no data (outage / archive gap)
2019-08-15 02:00:00+00:00,2019-08-15 09:59:00+00:00,480,0,no data (outage / archive gap)
2018-07-04 00:23:00+00:00,2018-07-04 07:59:00+00:00,457,0,no data (outage / archive gap)
2017-09-06 16:00:00+00:00,2017-09-06 22:59:00+00:00,420,0,no data (outage / archive gap)
2018-11-14 02:00:00+00:00,2018-11-14 08:59:00+00:00,420,0,no data (outage / archive gap)
2019-03-12 02:00:00+00:00,2019-03-12 07:59:00+00:00,360,0,no data (outage / archive gap)
2020-02-19 11:36:00+00:00,2020-02-19 17:29:00+00:00,354,0,no data (outage / archive gap)
2021-04-25 04:01:00+00:00,2021-04-25 08:44:00+00:00,284,0,no data (outage / archive gap)
2021-08-13 02:00:00+00:00,2021-08-13 06:29:00+00:00,270,0,no data (outage / archive gap)
2020-12-21 14:09:00+00:00,2020-12-21 17:59:00+00:00,231,0,no data (outage / archive gap)
2018-10-19 06:00:00+00:00,2018-10-19 09:29:00+00:00,210,0,no data (outage / archive gap)
2020-06-28 02:00:00+00:00,2020-06-28 05:29:00+00:00,210,0,no data (outage / archive gap)
2021-04-20 02:00:00+00:00,2021-04-20 04:29:00+00:00,150,0,no data (outage / archive gap)
2020-04-25 02:00:00+00:00,2020-04-25 04:29:00+00:00,150,0,no data (outage / archive gap)
2019-11-13 02:00:00+00:00,2019-11-13 04:19:00+00:00,140,0,no data (outage / archive gap)
2020-03-04 09:22:00+00:00,2020-03-04 11:29:00+00:00,128,0,no data (outage / archive gap)
2018-01-04 03:01:00+00:00,2018-01-04 05:05:00+00:00,125,0,no data (outage / archive gap)
2019-11-25 02:00:00+00:00,2019-11-25 03:59:00+00:00,120,0,no data (outage / archive gap)
2021-09-29 07:00:00+00:00,2021-09-29 08:59:00+00:00,120,0,no data (outage / archive gap)
2018-06-27 13:00:00+00:00,2018-06-27 14:44:00+00:00,105,0,no data (outage / archive gap)
2021-03-06 02:00:00+00:00,2021-03-06 03:29:00+00:00,90,0,no data (outage / archive gap)
2023-03-24 12:40:00+00:00,2023-03-24 13:59:00+00:00,80,0,no data (outage / archive gap)
