decision_time,features_changed,changed_list,target_changed
2018-07-03 03:00:00+00:00,0,,True
2018-07-15 06:00:00+00:00,0,,True
2018-07-31 10:00:00+00:00,0,,True
2018-11-21 23:00:00+00:00,0,,True
2019-05-21 21:00:00+00:00,0,,True
2019-07-22 22:00:00+00:00,0,,True
2021-02-04 12:00:00+00:00,0,,True
2021-08-30 20:00:00+00:00,0,,True
2021-09-19 00:00:00+00:00,0,,True
2021-10-27 06:00:00+00:00,0,,True
2022-04-08 20:00:00+00:00,0,,True
2022-05-20 22:00:00+00:00,0,,True
2022-07-03 04:00:00+00:00,0,,True
2023-08-26 12:00:00+00:00,0,,True
2024-01-13 18:00:00+00:00,0,,True
2024-03-19 18:00:00+00:00,0,,True
2024-05-18 13:00:00+00:00,0,,True
2024-08-09 16:00:00+00:00,0,,True
2024-09-20 06:00:00+00:00,0,,True
2024-10-30 08:00:00+00:00,0,,True
2025-04-24 04:00:00+00:00,0,,True
2025-06-24 10:00:00+00:00,0,,True
2026-02-03 05:00:00+00:00,0,,True
2026-07-12 16:00:00+00:00,0,,True
