dec,n,mean_p,up_rate,ci_low,ci_high
1,2410,0.4014344632073039,0.44149377593360994,0.4217769649427923,0.4613968108343755
2,2409,0.43493184373246546,0.4533001245330012,0.4335106876586408,0.4732382675980986
3,2410,0.4601726991764704,0.47842323651452284,0.45852939820179905,0.49838575314864586
4,2409,0.4812569534132937,0.48152760481527607,0.4616197519585755,0.5014942792318681
5,2410,0.5011982419209525,0.5016597510373444,0.4817104900761392,0.5216037290507497
6,2409,0.5210647579604243,0.5039435450394355,0.4839870236549821,0.5238875090122267
7,2409,0.5407009549033905,0.5176421751764217,0.4976756273436011,0.537552545114964
8,2410,0.5589937357139071,0.5551867219917013,0.5352738400182477,0.5749239459508068
9,2409,0.576888078979945,0.552096305520963,0.5321709147145824,0.5718558063101212
10,2410,0.5999781603978238,0.5655601659751037,0.5456810341619722,0.5852306213501376
