feature,group,coef_std
ofi_15,flow,-0.17915656
large_ofi_15,flow,0.09020512
ofi_15_z_1440,flow,0.05938115
mom_240_riskadj,price,-0.058556624
log_volume_1,volume,0.049242325
trade_count_z_1440,volume,-0.042531036
volume_ratio_15,volume,0.04049688
dist_ma_60,price,-0.036429692
large_share_15,flow,-0.03406497
ofi_60,flow,-0.03384027
obi_2pct,book,0.032918885
trade_intensity_15,volume,-0.032746688
obi_1pct_mean_15,book,0.031210102
signed_flow_15,flow,0.027809806
obi_5pct,book,-0.025784671
obi_3pct,book,0.024996523
avg_trade_size_z_1440,flow,-0.024447113
avg_trade_size_15,flow,0.023848606
dist_ma_240,price,0.023698095
ret_5,price,-0.022396708
vol_240,price,0.019624118
obi_1pct_chg_15,book,0.018717183
trade_imb_15,flow,0.014231623
hour_cos,price,0.013872578
ofi_1_z_1440,flow,-0.013201027
trade_imb_1,flow,-0.012159801
ofi_1,flow,0.012026842
ret_60,price,-0.011063441
vol_15,price,-0.009400368
ofi_5,flow,-0.008986345
funding_rate_last,funding_oi,0.008907632
minutes_to_funding,funding_oi,0.007533335
dist_vwap_15,price,0.007430378
volume_z_1440,volume,0.0072608436
vol_60,price,0.0071244687
oi_chg_1440,funding_oi,-0.0065215556
vol_1440,price,-0.005755006
ret_15,price,-0.0050796103
funding_rate_mean_3,funding_oi,-0.0050452673
volume_ratio_60,volume,-0.004905936
hour_sin,price,-0.003720777
depth_1pct_z_1440,book,0.002377922
obi_1pct,book,-0.0022424194
range_15,price,-0.0016162872
oi_chg_60,funding_oi,0.00084553135
ret_1,price,0.00015568142
ret_30,price,-0.00002183696
