control,seed,auc,auc_ci_low,auc_ci_high,ci_excludes_half,gross_sharpe,net_sharpe
negative (random walk),1000,0.5023253201335076,0.4872672788005499,0.5183530582379501,False,0.3042795473290301,-6.900718342788546
negative (random walk),1001,0.504376878626098,0.4912287063203561,0.5172052436699558,False,0.28615609823521554,-7.038149401550189
negative (random walk),1002,0.492433583943247,0.47949807290111685,0.5075589223596442,False,-0.430016694518492,-8.82584877136143
negative (random walk),1003,0.5033463013002188,0.4876007701762744,0.5188247260365327,False,0.9308571579616517,-8.04189972984449
negative (random walk),1004,0.49192851280881494,0.4758372330354981,0.5085471821927771,False,-0.6372184208398766,-9.84593618442979
negative (random walk),1005,0.48129564195188285,0.4657515916515147,0.4959302816894506,True,-1.965971590251897,-11.157143972582505
negative (random walk),1006,0.4889340403198419,0.4695707654956199,0.5078591758337143,False,0.8103794197777962,-5.542726675969816
negative (random walk),1007,0.515888195095806,0.4961144116790009,0.535196623240165,False,0.031580742628532416,-8.165886108972007
negative (random walk),1008,0.49132813599102365,0.4755409780765506,0.5076160413575591,False,-1.218051337001746,-10.467297252896511
negative (random walk),1009,0.4981650457779334,0.4810020995438057,0.5143264977197793,False,1.587778829322528,-7.365201988390261
negative (random walk),1010,0.506139929692189,0.48731977736848137,0.5268583863764202,False,0.7435527409383709,-6.777266986070806
negative (random walk),1011,0.49824715725687185,0.48316418832837194,0.5130554316859481,False,-0.87117867406081,-8.179137360259503
negative (random walk),1012,0.494816761007725,0.47877113328727755,0.510842239219465,False,-1.0869952634371312,-8.97547025343994
negative (random walk),1013,0.49753571783765616,0.47904726616227744,0.5155386191497748,False,-0.4327665634980449,-7.911023517458923
negative (random walk),1014,0.49649064973456425,0.48124258847711116,0.512665701116802,False,-0.627528597739656,-9.3871226196183
negative (random walk),1015,0.4905824525425353,0.4735636984515641,0.5087455400222571,False,0.15259928497052663,-8.558216609887936
negative (random walk),1016,0.5073402247661152,0.4885989351119214,0.5238588907052204,False,2.0376310322785995,-7.0236975923013265
negative (random walk),1017,0.5092217510638585,0.49627873390746163,0.5247782562039572,False,2.8591499016477044,-4.602815156272051
negative (random walk),1018,0.49196904741490183,0.47490034024478384,0.5085667510314105,False,-1.7071333344054425,-10.092474728459765
negative (random walk),1019,0.507703427060506,0.4877191917971237,0.5288912352887106,False,-0.42518107245969433,-7.481264584405271
negative (random walk),1020,0.4933944291833424,0.4794900815716843,0.5062755594872588,False,1.1015756155275893,-9.282803055285045
negative (random walk),1021,0.5022436337134528,0.485720336553168,0.517910435067296,False,-0.6235238561255092,-10.536554470498903
negative (random walk),1022,0.5038016579232321,0.4875995761705154,0.5191969505743785,False,-0.2518579208602734,-10.356153130219075
negative (random walk),1023,0.4939800139854468,0.4748923906396635,0.5143807875097418,False,-0.539269907117998,-8.564801061632432
negative (random walk),1024,0.49243297985778817,0.47412222126903636,0.5084354061093557,False,-0.12540496088445505,-7.1583011420972715
negative (random walk),1025,0.5034392212598214,0.4872048798623341,0.5199792034750275,False,1.3386984314759027,-5.355494709762556
negative (random walk),1026,0.5100978979011161,0.4953962482537233,0.5256934779856843,False,0.06377859822184427,-8.120025893541658
negative (random walk),1027,0.4846375073302721,0.46953091974692057,0.5000423366621273,False,-1.2308371764321546,-11.051546498467877
negative (random walk),1028,0.501265734331688,0.4883730262721772,0.5166642060511794,False,0.49733098992787994,-8.336748800230316
negative (random walk),1029,0.48350361671308806,0.4705376489307327,0.4948709812034851,True,-0.808460986302215,-9.223875720260402
negative (random walk),1030,0.5041833478959142,0.4911831751926269,0.5177461077742402,False,0.9847805511419035,-4.38016581321948
negative (random walk),1031,0.5033349330837751,0.487492777745487,0.5205213271354585,False,-1.244654552665213,-10.211042451904117
negative (random walk),1032,0.49974708483117697,0.4836876382060511,0.5154205896526588,False,0.7899762828494891,-8.067293658309445
negative (random walk),1033,0.5105859910836763,0.49340833461961586,0.53010730264193,False,-0.9497647942771774,-9.328034653665673
negative (random walk),1034,0.49151235576792196,0.4763528888601763,0.5100590517906869,False,-0.373044738781888,-9.528197000315144
negative (random walk),1035,0.5002261425019292,0.48424128045128106,0.5142342432112013,False,0.4300316227477041,-8.085819972076722
negative (random walk),1036,0.4948767749992281,0.4788778200023791,0.5109722594530873,False,-2.6769485364551273,-10.100760131031365
negative (random walk),1037,0.48753842277651804,0.4732719968042525,0.5017916603852471,False,-2.100784944574022,-11.621732671321
negative (random walk),1038,0.49169234976858955,0.4755356617598399,0.5065919788470736,False,-0.9807719891564467,-10.58856945794289
negative (random walk),1039,0.5061515955309059,0.4932950104869807,0.5179821918752289,False,0.0912109657552719,-9.397415694372594
positive (beta=0.3 momentum),1000,0.6288114659821791,0.6096716803578969,0.6466400263100113,True,21.753277371937187,13.071843957351604
positive (beta=0.3 momentum),1001,0.6325567946527246,0.6171873900226399,0.6491168965013078,True,20.13001606617295,11.703433412503179
positive (beta=0.3 momentum),1002,0.6314672674908709,0.6122932973482487,0.6509929900318054,True,21.555602880854146,13.2911612130442
positive (beta=0.3 momentum),1003,0.6333768508799925,0.6176405614956652,0.6477551142158144,True,22.594958522231412,14.438669972907729
positive (beta=0.3 momentum),1004,0.606919996544118,0.5899340756678505,0.6221598726490686,True,18.683141670692635,9.977511131980929
positive (beta=0.3 momentum),1005,0.6254619308925662,0.6116286592564862,0.6404591096647819,True,23.20076742161636,14.777716950429946
positive (beta=0.3 momentum),1006,0.6040566037735848,0.5891429336685371,0.6174811571298635,True,18.133039658710082,9.345789518686253
positive (beta=0.3 momentum),1007,0.624775256342289,0.6085022067166577,0.6410059434516459,True,21.181918106909453,13.254798670508675
positive (beta=0.3 momentum),1008,0.623782139214238,0.606186856153508,0.6423810100067829,True,22.11890099076703,13.647606253566586
positive (beta=0.3 momentum),1009,0.626378207958816,0.6076671722934781,0.6442612733352829,True,20.90636429290008,12.111966875543832
positive (beta=0.3 momentum),1010,0.6106286399672152,0.5952802369626364,0.6272871742475233,True,17.805678842678606,9.503720458526455
positive (beta=0.3 momentum),1011,0.6239640125192116,0.6047690538314168,0.6430322516668014,True,20.63091846115581,12.95355104370156
positive (beta=0.3 momentum),1012,0.6208679725548681,0.6058338151888791,0.6371398874318243,True,20.615072540798376,12.682153793324398
positive (beta=0.3 momentum),1013,0.6185770479884496,0.6016123679760229,0.6344113707598904,True,20.69308256421756,12.256273511922572
positive (beta=0.3 momentum),1014,0.6078312773986791,0.5943482147387539,0.6229205343798752,True,18.87162136488031,10.166851623861339
positive (beta=0.3 momentum),1015,0.6337636459434821,0.6150469186262324,0.6507012438583214,True,24.404313055427437,15.908921724777628
positive (beta=0.3 momentum),1016,0.6207135968562965,0.6045227546045783,0.6343818800699806,True,18.906268871207054,10.359857506296118
positive (beta=0.3 momentum),1017,0.6383861030663236,0.6216814109823959,0.6566907293015982,True,22.67375971654123,14.451772588117944
positive (beta=0.3 momentum),1018,0.6261310156140816,0.6117495467045826,0.6424148940951454,True,22.161039476183177,14.150327650309555
positive (beta=0.3 momentum),1019,0.6301737727932784,0.615781829508351,0.6471975188729151,True,21.20186668882643,12.305630136742886
