decile,n,mean_p,observed_up,ci_low,ci_high,mean_fwd_ret_bp
1,2410,0.4151502870909018,0.43983402489626555,0.4201277562949421,0.45973180035533684,0.46725218017159775
2,2409,0.44239696740874135,0.46284765462847655,0.4430110089337703,0.48280260435936906,0.4996580308456848
3,2410,0.4623891010709969,0.46597510373443984,0.4461286890583522,0.48592981884042624,-0.9458811192462364
4,2409,0.47979118123392633,0.49813200498132004,0.47818425588340785,0.5180857023268616,1.0155562779157763
5,2410,0.49657966586581115,0.5099585062240664,0.4899998785732084,0.5298854361881248,0.3394172334354988
6,2409,0.5129980067563958,0.5163968451639684,0.49643059036776344,0.5363108875643147,-0.165791001185629
7,2409,0.5296138248147086,0.5234537152345371,0.5034874373375716,0.5433453095779325,0.44820913671368046
8,2410,0.5464633292273725,0.5427385892116182,0.5227967281156106,0.5625444144017774,0.04172028696913055
9,2409,0.5634959385818474,0.5504358655043586,0.5305063000832284,0.5702048282394927,1.2464148035650635
10,2410,0.5863181682976961,0.5680497925311203,0.5481800672188787,0.5877029169835645,-2.2646724599187213
