d,n,x_mean,y_mean_bps,y_se_naive_bps,signal,h
1,130686,-0.1962360317084834,1.0642211099682786,0.1857280953054842,obi_1pct,60
2,130685,-0.09569591334871345,1.0004539080241828,0.16977094192511405,obi_1pct,60
3,130685,-0.05299541995625758,0.3066468556399232,0.1722918949843673,obi_1pct,60
4,130685,-0.02020488393471374,0.8263316143831715,0.17612699152740774,obi_1pct,60
5,130685,0.008374739789187324,0.5555598777106915,0.17614717496056462,obi_1pct,60
6,130686,0.036168519635422516,-0.04931052175027024,0.17796768142378133,obi_1pct,60
7,130685,0.06579386447918831,-0.27785226784027406,0.1797282534206445,obi_1pct,60
8,130685,0.10094419863604309,-0.4440047243870161,0.18020927987892682,obi_1pct,60
9,130685,0.14957365410939458,0.26462603465810985,0.1774666340533456,obi_1pct,60
10,130686,0.2612686465495917,0.8889870777624826,0.19794785054412747,obi_1pct,60
