qtr,ic_ofi15,ic_obi1,ic_ret15,n
2023Q1,-0.02671355157313566,0.07316966484387066,-0.04371195605160103,44640
2023Q2,-0.05496267467945693,0.07541465789574002,-0.060367494681182556,131040
2023Q3,-0.04649100250569366,0.07303959822715014,-0.06268830877634762,132480
2023Q4,-0.04629533418854887,0.04324738927063789,-0.04762181992800353,132480
2024Q1,-0.027007060982663773,0.04931571117871621,-0.03592986746287149,131040
2024Q2,-0.03483446427950758,0.04773276941918349,-0.050854562384111845,131040
2024Q3,-0.03320811714827106,0.049607056554401174,-0.0502794360116405,132480
2024Q4,-0.015823120737621387,0.05949804491130894,-0.030966279931399446,132480
2025Q1,-0.019692415992555327,0.02236221783733486,-0.0301827298394087,129600
2025Q2,-0.03945568752354447,0.02292209885532824,-0.04277343101832891,131040
2025Q3,-0.031504923755073536,0.04154135547470444,-0.035081775213949055,132420
